H,T,seed,curvature_fd,dk,price_fit_rmse,price_fit_cond,iv_fit_rmse,iv_fit_cond,fd_selected_bump_frac,fd_status,price_m2,price_se_m2,price_m1,price_se_m1,price_0,price_se_0,price_p1,price_se_p1,price_p2,price_se_p2,price_atm_fit,price_quadratic_coef_scaled,iv_atm_fit,iv_quadratic_coef_scaled,iv_m2,iv_m1,iv_0,iv_p1,iv_p2
0.05,0.1,0,-1.4343674677777496,0.010954451150103323,1.2337825089005044e-05,7.980424036748029,0.00011473095182669845,7.980424036748029,0.2,stable,0.03369126884070737,0.0005800776753769781,0.026805262617234354,0.0005247150542936386,0.020785914404824718,0.0004658078074505622,0.015660800236097425,0.0004052972361359763,0.011429100313250569,0.000345151096496445,0.020785914404833235,3.7259751818681544,0.1647627639326667,-0.7171837338888748,0.16621154725967238,0.16544662660361778,0.16476276393275513,0.16390677716540644,0.16292007632985936
0.05,0.1,1,-0.9466176183730575,0.010954451150103323,4.814145051944918e-06,7.980424036748029,0.00010096664372511424,7.980424036748029,0.2,stable,0.034295969692189815,0.0005942981580391813,0.027431544328156518,0.0005389406127480071,0.021445400531752937,0.0004797092740797907,0.016332730095975325,0.0004187260873477851,0.012083901763972308,0.00035786952243685455,0.021445400531754387,3.6394723359174246,0.16999028267110872,-0.47330880918652873,0.17114744960540992,0.1705176562774139,0.16999028267119323,0.16934931495043062,0.1686603986678377
0.05,0.1,2,2.812173808852938,0.010954451150103323,4.455480551242624e-05,7.980424036748029,0.0001530254404443971,7.980424036748029,0.2,stable,0.03384494702872873,0.0005860830614280631,0.026914950207042303,0.0005317282839820529,0.020857725844639605,0.000473992136101954,0.015754499006205708,0.00041411228564900077,0.01154757963697109,0.00035472692120964517,0.02085772584468128,3.974989682510449,0.16533198841228675,1.406086904426469,0.1680024533896178,0.16633524682588344,0.16533198841241542,0.16466619085549636,0.16444027473390557
0.05,0.1,3,-2.615009159474077,0.010954451150103323,2.0242056847321094e-05,7.980424036748029,9.359808394382576e-05,7.980424036748029,0.2,stable,0.0335932544152771,0.0005876419738537982,0.026773546342168542,0.0005322382479429407,0.020792033206193588,0.0004738265235776174,0.01568699381202252,0.00041420345545121134,0.011482582609415763,0.00035513423867661217,0.02079203320619783,3.6519739241123412,0.16481126555763204,-1.3075045797370386,0.16545634521330105,0.16518964233304875,0.16481126555770897,0.16411908768292538,0.16316740051413178
0.05,0.1,4,-0.6235928671243957,0.010954451150103323,1.7649656233175835e-05,7.980424036748029,0.00011132604969216679,7.980424036748029,0.2,stable,0.034391083921814024,0.0005980091597597759,0.027537601948859774,0.0005426854865478217,0.021524281592761596,0.0004840155177242289,0.016386001369951886,0.00042371271773476666,0.012141228573682468,0.00036343053370884305,0.02152428159276652,3.6460005552867374,0.17061554559585407,-0.31179643356219783,0.17230656718575166,0.17137577775570015,0.17061554559594025,0.1697804822917816,0.16891244441984393
0.05,0.1,5,-5.886177671944941,0.010954451150103323,3.0093316166259966e-05,7.980424036748029,4.673116990672185e-05,7.980424036748029,0.2,stable,0.03370886657898171,0.0005896694960291606,0.026963428934287756,0.0005331420079773035,0.02105645614313238,0.00047329159253644133,0.01596605388065627,0.0004124375280386424,0.011755851361533527,0.00035178231595735655,0.02105645614310672,3.4023772032568695,0.16690725484559518,-2.9430888359724703,0.16593593459825512,0.16672792534295403,0.16690725484563726,0.16638024302751933,0.1651931830212064
0.05,0.1,6,5.711117967045956,0.010954451150103323,7.734840888635677e-05,7.980424036748029,0.00018377591811795553,7.980424036748029,0.2,stable,0.034033333000732996,0.0005910835439493562,0.027107886744762326,0.0005368040161876725,0.02100419171954168,0.0004797711997043028,0.015891153824942526,0.00042041427675612163,0.011731561786286832,0.00036087572422673493,0.021004191719603518,4.127738043228101,0.16649297281275643,2.855558983522978,0.17038212472153066,0.16789780048762654,0.16649297281290953,0.1657734792936271,0.16585552638831574
0.05,0.05,0,-2.883087969333729,0.007745966692414834,8.411166578733258e-06,7.980424036748029,0.00011255163099581541,7.980424036748029,0.2,stable,0.023853293870547573,0.0004112904099117651,0.018988294314810302,0.00037213793445987035,0.014735126081160633,0.00033048891701872797,0.0111125738150687,0.0002877126038724703,0.008119701721440812,0.0002451948082948193,0.014735126081166552,5.255133062784306,0.16518050451482144,-1.4415439846668645,0.1665691885705595,0.16583746838490615,0.16518050451490912,0.16435055536640236,0.16339193178570122
0.05,0.05,1,-1.853604189195947,0.007745966692414834,3.7700509931022446e-06,7.980424036748029,9.943369729898763e-05,7.980424036748029,0.2,stable,0.024283481460970074,0.000421390669767637,0.019433942597131184,0.0003822364708934414,0.015204006869275904,0.000340357431945248,0.011590283842314388,0.0002972439217425536,0.008585055266930458,0.00025422484492495525,0.0152040068692772,5.135105840738167,0.17043664991262095,-0.9268020945979735,0.1715437585426216,0.17094004012946712,0.17043664991270494,0.16982204344425586,0.1691646622876623
0.05,0.05,2,5.563726448389768,0.007745966692414834,3.118153307715456e-05,7.980424036748029,0.0001507139661978215,7.980424036748029,0.2,stable,0.023961465716710612,0.0004155644246294611,0.019065822254247477,0.0003771191307652032,0.014786017530819031,0.000336297044292706,0.011178856608815763,0.0002939684348612958,0.008203908992918152,0.0002519843112049412,0.014786017530848199,5.605365010906483,0.16575099677169242,2.781863224194884,0.16835443375704937,0.16672562080558928,0.1657509967718199,0.1651101963244452,0.16490781178308342
0.05,0.05,3,-5.139557595603073,0.007745966692414834,1.4092105161480854e-05,7.980424036748029,9.21039519335203e-05,7.980424036748029,0.2,stable,0.023784377021050403,0.00041666560656951953,0.01896634642830865,0.00037748436181557265,0.014739786715093616,0.0003361880971445951,0.011131818650771967,0.0002940354151759325,0.008158485957168702,0.00025227458950273805,0.014739786715096943,5.154930407334285,0.16523275013931776,-2.5697787978015363,0.16582843427757799,0.1655859980090501,0.16523275013939448,0.1645711288136966,0.16365931481552853
0.05,0.05,4,-1.277551426097859,0.007745966692414834,1.2202699995732834e-05,7.980424036748029,0.00010922252866585357,7.980424036748029,0.2,stable,0.024349939109656837,0.00042403317317246577,0.019507958983098247,0.0003849089693280386,0.01525908751417012,0.0003434282507078639,0.011627209777611527,0.0003008012132666096,0.008625517916612186,0.00025818635186827495,0.015259087514173325,5.1416144363061225,0.17105410297429224,-0.6387757130489295,0.17268317954193835,0.17178689003946337,0.1710541029743776,0.17024466282338538,0.16940298950131533
0.05,0.05,5,-11.75656154960939,0.007745966692414834,2.117553286743313e-05,7.980424036748029,4.56462179093916e-05,7.980424036748029,0.2,stable,0.02386784126716817,0.000418099152298043,0.019102155775354318,0.0003781238790957747,0.014928267535911434,0.0003358072511255551,0.011330195307671362,0.00029278661510153396,0.0083525105602943,0.0002499065951396239,0.014928267535893268,4.798466760627519,0.1673456168293987,-5.878280774804695,0.16632202956189612,0.1671417835582907,0.16734561682944024,0.16684405640744737,0.16568621923586713
0.05,0.05,6,11.469709778336204,0.007745966692414834,5.5007492557864034e-05,7.980424036748029,0.00018178303688360094,7.980424036748029,0.2,stable,0.024096539738791202,0.0004191648548388077,0.01920451716388899,0.0003807694129706193,0.014891490935842903,0.0003404494990395311,0.011277541219878125,0.00029848987120062036,0.008336024532694103,0.0002563992807437156,0.014891490935886915,5.825637599213952,0.1669333517892787,5.734854889168102,0.17077150298826085,0.1683139887573727,0.16693335178943103,0.1662408974075818,0.1663555449618116
0.05,0.025,0,-5.787448784159243,0.005477225575051661,5.7361796768022865e-06,7.980424036748029,0.0001105168910497952,7.980424036748029,0.2,stable,0.016886556082312758,0.0002915696699643241,0.013449245013629329,0.00026388168499297043,0.010443945367570373,0.00023443461912665803,0.007883448115103931,0.00020419465840455203,0.005766799396181229,0.00017413855438230206,0.010443945367574498,7.413373226267615,0.16557109507996848,-2.8937243920796214,0.16690168135316993,0.16620190995974757,0.16557109508005538,0.16476665673649163,0.16383576346600268
0.05,0.025,1,-3.6442033484276664,0.005477225575051661,2.9064360256310874e-06,7.980424036748029,9.79940769936715e-05,7.980424036748029,0.2,stable,0.017192524465183927,0.0002987412613812287,0.013766258947361604,0.0002710487663699711,0.010777217128895074,0.0002414384903638825,0.008222943982677398,0.0002109584422743818,0.006097422059593244,0.0001805482708520488,0.01077721712889614,7.24614453740991,0.17085455535664107,-1.8221016742138332,0.17191268524820386,0.17133464625654513,0.1708545553567246,0.17026513835611803,0.16963746989884512
0.05,0.025,2,11.001327436577622,0.005477225575051661,2.1810720790056808e-05,7.980424036748029,0.00014852144132598719,7.980424036748029,0.2,stable,0.016962704645298882,0.00029461027281820255,0.013504025765070494,0.00026741874525105033,0.010480008242820606,0.0002385553812363884,0.007930324212153814,0.00020863330062977832,0.005826607151576786,0.00017895175177114507,0.010480008242841014,7.905558191694276,0.16614281099182482,5.500663718288811,0.1686803919685613,0.1670893338391096,0.16614281099195116,0.1655263279673859,0.16534658855758874
0.05,0.025,3,-10.071804539602589,0.005477225575051661,9.868976917730333e-06,7.980424036748029,9.083607266690008e-05,7.980424036748029,0.2,stable,0.01683809729404619,0.0002953878247752963,0.013434104123705147,0.00026767908495372846,0.010447458493845265,0.00023848379700874194,0.007897526556906493,0.00020868220422786795,0.005794888278273697,0.00017915796735764358,0.0104474584938479,7.278561548509868,0.165626789757016,-5.035902269801294,0.16617767152730273,0.16595659808379798,0.16562678975709264,0.16499482729389348,0.1641227183810366
0.05,0.025,4,-2.5998688105353107,0.005477225575051661,8.44285335203408e-06,7.980424036748029,0.00010727927939565397,7.980424036748029,0.2,stable,0.017238953895712287,0.0003006227723106054,0.01381792955468638,0.0002729553398099224,0.010815672620323902,0.0002436278278208656,0.008248564405627878,0.00021349501720984942,0.006125989016763416,0.00018336943909565457,0.010815672620325997,7.252478660968035,0.17146420215234714,-1.2999344052676554,0.17303430249906346,0.17217062832983818,0.17146420215243183,0.17067977991037156,0.16986431320839235
0.05,0.025,5,-23.505956541741355,0.005477225575051661,1.4948413444372888e-05,7.980424036748029,4.4648121446880144e-05,7.980424036748029,0.2,stable,0.016898269002905402,0.00029640196601889005,0.013531136034317819,0.0002681326075804166,0.010581785704063677,0.00023821284080882018,0.008038511739560012,0.00020779954557500213,0.005932622901764615,0.00017748541516337624,0.01058178570405077,6.76793943003285,0.16775632055308465,-11.752978270870678,0.16668074626220375,0.16752843305312293,0.16775632055312584,0.1672790293567123,0.16614830529404825
0.05,0.025,6,22.99968090717183,0.005477225575051661,3.9025071339844175e-05,7.980424036748029,0.00017985556282824254,7.980424036748029,0.2,stable,0.017059549826982157,0.0002971998376330784,0.013603646211781728,0.0002700421459140742,0.010555903709359231,0.00024153703098251874,0.008001491945770225,0.00021187556772539294,0.0059214131366434625,0.00018211975815067457,0.010555903709390479,8.222178978479953,0.16734600528915983,11.499840453585914,0.17113262932897605,0.16870262412670026,0.16734600528931134,0.16667937687853313,0.16682417889199097
0.05,0.0125,0,-11.674915188243402,0.003872983346207417,3.879759936851211e-06,7.980424036748029,0.00010854053576492067,7.980424036748029,0.2,stable,0.011953582723499643,0.00020666723607210274,0.009524881426537598,0.00018708716698297937,0.0074012967927543395,0.0001662669008711815,0.005591463551051138,0.00014488928857383615,0.00409454256910727,0.0001236424980384267,0.007401296792757181,10.458379735623936,0.16593681405334645,-5.837457594121701,0.1672089202433198,0.1665416627710374,0.16593681405343266,0.16515684160766034,0.1642515807573463
0.05,0.0125,1,-7.170249243053391,0.003872983346207417,2.223739630543175e-06,7.980424036748029,9.665488360628908e-05,7.980424036748029,0.2,stable,0.012171142663721714,0.00021175803272462836,0.009750316249498495,0.00019217269534773824,0.007638091145358766,0.00017123685971028396,0.005832662319074168,0.0001496881598835026,0.004329396526809644,0.00012819106088748507,0.0076380911453596155,10.226542595058058,0.17124573511906668,-3.5851246215266954,0.17225605208442127,0.17170307253078665,0.17124573511914976,0.17068084396853564,0.17008203512250014
0.05,0.0125,2,21.84580188006652,0.003872983346207417,1.532528382265187e-05,7.980424036748029,0.000146581259932355,7.980424036748029,0.2,stable,0.012007210939565726,0.00020882932621815064,0.009563628050570717,0.0001895975666324767,0.0074268105342018866,0.00016919024697832402,0.005624595103405626,0.00014803806389821741,0.004136995787022656,0.00012705415360349313,0.007426810534216232,11.153402850510837,0.1665088312404089,10.92290094003326,0.16898652122586375,0.16742925570994527,0.16650883124053437,0.165916093798824,0.16575992002247417
0.05,0.0125,3,-19.73119179214872,0.003872983346207417,6.920104579670759e-06,7.980424036748029,8.971161094012383e-05,7.980424036748029,0.2,stable,0.011919531365487384,0.0002093780775903418,0.009514437759400767,0.00018978336037143995,0.007403892211269513,0.00016914317323773412,0.005601709205873502,0.00014807360617438597,0.0041148600592784725,0.0001272002514028436,0.007403892211271563,10.278751424235212,0.16599500324526006,-9.86559589607436,0.16650334416805385,0.16630238832769645,0.16599500324533661,0.1653916502857891,0.1645580255048062
0.05,0.0125,4,-5.332495298742841,0.003872983346207417,5.837190092673445e-06,7.980424036748029,0.00010541797447235895,7.980424036748029,0.2,stable,0.012203591396927777,0.00021309737297423557,0.009786408831526035,0.00019353228073357877,0.007664960298785242,0.0001727971280200063,0.005850430259061212,0.00015149641813830744,0.004349547143650612,0.0001301997235507781,0.007664960298786577,10.230616433714408,0.17184814059486644,-2.6662476493714204,0.17336002908070336,0.17252882350372697,0.17184814059495043,0.1710874702563577,0.17029610591316463
0.05,0.0125,5,-47.008389883227075,0.003872983346207417,1.055899554374082e-05,7.980424036748029,4.377690497491331e-05,7.980424036748029,0.2,stable,0.011962850461989385,0.00021009595199298565,0.009583751263528744,0.0001901049358882442,0.007499618237610431,0.00016895041871728826,0.005701901227732915,0.00014744984652732815,0.00421260834063627,0.00012601920160675638,0.007499618237601262,9.547200535912685,0.16814117739233042,-23.504194941613537,0.1670154888908392,0.16789015096320906,0.16814117739237117,0.16768707797312238,0.16658208769029226
0.05,0.0125,6,46.09569389826493,0.003872983346207417,2.7691478957948368e-05,7.980424036748029,0.00017804721782968533,7.980424036748029,0.2,stable,0.012076585467043648,0.00021069076818726576,0.009635126039770703,0.00019148176943517315,0.007481412916242344,0.00017132948152750915,0.005675872632885644,0.0001503617080922752,0.004204987654642958,0.00012932596765446297,0.007481412916264527,11.605761336104724,0.16773301472748406,23.047846949132467,0.17146996551702579,0.16906657822052754,0.16773301472763474,0.1670908866426147,0.1672639933271554
0.05,0.00625,0,-23.636908489887624,0.0027386127875258306,2.595595296850769e-06,7.980424036748029,0.00010664541569375483,7.980424036748029,0.2,stable,0.00846103397271211,0.00014646672328982543,0.006744886255238029,0.0001326210040726279,0.005244297531527945,0.00011790016669214153,0.003965033102470127,0.00010278769945309638,0.0029064244767917835,8.776817783037872e-05,0.005244297531529874,14.754952976304278,0.16627894050775582,-11.818454244943812,0.167493358381315,0.16685845706370062,0.16627894050784134,0.16552214713796676,0.16464037241240775
0.05,0.00625,1,-13.972631564891971,0.0027386127875258306,1.6950298448481427e-06,7.980424036748029,9.550229089332567e-05,7.980424036748029,0.2,stable,0.008615646565751619,0.0001500802268432239,0.006905169647087899,0.00013622854702272013,0.0054124897898576805,0.00012142624725839984,0.004136365863666439,0.00010619165456449618,0.0030732166360091257,9.099523517851893e-05,0.005412489789858381,14.437062069078578,0.17161174825719364,-6.986315782445986,0.17257861346884149,0.17204783537127763,0.17161174825727635,0.17107086640620842,0.1705014058624592
0.05,0.00625,2,43.237770000497136,0.0027386127875258306,1.0730709824703231e-05,7.980424036748029,0.00014468173541949656,7.980424036748029,0.2,stable,0.008498777341984818,0.00014800401587466915,0.006772281476692981,0.00013440240287030086,0.005262348018605237,0.00011997357043907369,0.003988447999232466,0.00010502098132772819,0.0029365593073453215,9.018593111741969e-05,0.005262348018615284,15.73556257832539,0.16685126041332243,21.618885000248568,0.1692687391734973,0.16774588773563243,0.16685126041344686,0.1662809163657685,0.1661456887493258
0.05,0.00625,3,-38.766178687721094,0.0027386127875258306,4.848229122706945e-06,7.980424036748029,8.864606652530174e-05,7.980424036748029,0.2,stable,0.008437085132667409,0.00014839105148981152,0.006737677986486023,0.00013453475301366912,0.0052462064239806,0.00011994262736945856,0.00397247318144115,0.00010504664743798542,0.0029211078365585993,9.02892795353423e-05,0.005246206423982153,14.515887997318586,0.1663394650322793,-19.383089343860547,0.16680540564685717,0.1666249213946923,0.1663394650323558,0.16576326232955624,0.16496544042417682
0.05,0.00625,4,-10.802197684903804,0.0027386127875258306,4.038809254460164e-06,7.980424036748029,0.00010372488831112462,7.980424036748029,0.2,stable,0.008638332057973668,0.0001510334045533887,0.006930369500762209,0.0001371980140924677,0.0054312658041447736,0.00012253791140810844,0.004148699554767989,0.00010748021663730054,0.0030874246150833663,9.242505357497567e-05,0.005431265804145649,14.435829815810195,0.17220707217691275,-5.401098842451902,0.17366425402789323,0.17286312056543923,0.1722070721769961,0.17147000730558362,0.17070362071445974
0.05,0.00625,5,-93.96056716092507,0.0027386127875258306,7.445105446479439e-06,7.980424036748029,4.3062715108179895e-05,7.980424036748029,0.2,stable,0.008468226438155476,0.00014889956622010284,0.006787173853196195,0.0001347628337911153,0.005314393823231909,0.0001198057866844729,0.004043675291410434,0.00010460587511412622,0.002990463993400236,8.945546208386392e-05,0.005314393823225411,13.470766544582307,0.16850145687850396,-46.98028358046253,0.16732811595682617,0.16822822167911605,0.16850145687854437,0.16806998782410465,0.16699050576341176
0.05,0.00625,6,92.41408994566466,0.0027386127875258306,1.9657823655690013e-05,7.980424036748029,0.00017637990588182555,7.980424036748029,0.2,stable,0.008548440023863072,0.0001493412086816525,0.006823575162151153,0.00013575464867275513,0.005301590957826308,0.00012150758654255795,0.004025373805940144,0.000106685248926338,0.002985284863922934,9.181416890254933e-05,0.005301590957842065,16.384470158386915,0.16809552131150324,46.20704497283233,0.1717851533259518,0.169406940662124,0.16809552131165323,0.16747720763517662,0.1676781222130066
0.1,0.1,0,-1.340557626882486,0.010954451150103323,1.559304776445369e-05,7.980424036748029,0.00012487357751769993,7.980424036748029,0.2,stable,0.03403223180971537,0.0005833097769323483,0.027138226418431954,0.0005277499802985069,0.021091858286042958,0.0004687205059548017,0.015927931357088646,0.0004080556001989125,0.011648543521617007,0.0003476765454661322,0.021091858286052763,3.6768383474814215,0.16718787540461622,-0.670278813441243,0.1692173867724306,0.1681434585539292,0.16718787540470087,0.166071425339909,0.1647968867966438
0.1,0.1,1,-1.233417783932874,0.010954451150103323,3.3695248705369934e-06,7.980424036748029,0.00010494041528899294,7.980424036748029,0.2,stable,0.034634877767548575,0.0005975631860880075,0.027763006384960973,0.0005420106312464865,0.021755040294002534,0.00048260222073939833,0.016603747245329918,0.00042146643350322107,0.012307014643652137,0.00036039390933548856,0.021755040294000997,3.569471009549792,0.17244469011538793,-0.616708891966437,0.174038443421379,0.17319896512972166,0.1724446901154657,0.17154240496682752,0.17051807039790337
0.1,0.1,2,2.8506325058219852,0.010954451150103323,4.6185286875609794e-05,7.980424036748029,0.00015781850898122216,7.980424036748029,0.2,stable,0.03418529460608161,0.0005893560932979247,0.02724602311023582,0.0005348338680903074,0.021163683678563635,0.00047694978718502593,0.016022856931427326,0.0004169065217029665,0.011764284769253255,0.0003573374944366343,0.02116368367860678,3.9229695181820756,0.16775721048251885,1.4253162529109926,0.17096429772111982,0.16901615755699753,0.16775721048264208,0.16684033930849354,0.16632912914563838
0.1,0.1,3,-3.049824991212396,0.010954451150103323,2.2327682657606562e-05,7.980424036748029,9.826114784049127e-05,7.980424036748029,0.2,stable,0.03391942225628216,0.0005908242380860831,0.027096586894693696,0.0005351567375954154,0.021094110191425087,0.00047654800868965276,0.01594863842829646,0.0004167616572163768,0.011694078493930293,0.0003574697320399769,0.021094110191425902,3.570853917236283,0.16720572548070628,-1.524912495606198,0.16826043074520391,0.1678063025412753,0.1672057254807749,0.16623916942105527,0.16491573285590644
0.1,0.1,4,-0.7561831800452321,0.010954451150103323,1.779495895909555e-05,7.980424036748029,0.0001176958280270697,7.980424036748029,0.2,stable,0.034725931731867984,0.0006010616074566131,0.02786177305473162,0.0005455745019892961,0.02182610946862283,0.000486733581997046,0.016651378639102186,0.0004262604745051506,0.012360626187813877,0.0003657435150452003,0.021826109468625645,3.5872198190704436,0.1730080309150013,-0.37809159002261605,0.17515952243057564,0.17399759762437608,0.1730080309150821,0.17192772222386024,0.17076298728788403
0.1,0.1,5,-6.245481533518614,0.010954451150103323,3.571861904178606e-05,7.980424036748029,5.093137645144717e-05,7.980424036748029,0.2,stable,0.03404055389660334,0.0005930114584006118,0.02728620947019805,0.000536310652197227,0.021359245969777715,0.00047628866321015336,0.01623075544414401,0.00041529130474067993,0.01197519210160491,0.00035442072427389795,0.0213592459697467,3.326970728793248,0.16930736521632073,-3.122740766759307,0.16873983202811865,0.1693414491599389,0.16930736521635653,0.1685238234886092,0.16699624954710654
0.1,0.1,6,4.795393050036756,0.010954451150103323,6.611247610450686e-05,7.980424036748029,0.00018068359543245107,7.980424036748029,0.2,stable,0.0343802024586177,0.0005944059666883704,0.027440287645592733,0.0005400260957976815,0.02131683945304105,0.00048280874133682124,0.01615734901910675,0.00042338543790609016,0.011951783309975378,0.00036364833435285416,0.021316839453088307,4.0164906601200006,0.16897122340608128,2.397696525018378,0.17318049105865083,0.17058840592701802,0.16897122340621934,0.16792948805087426,0.16752376516790762
0.1,0.05,0,-2.6676849779997376,0.007745966692414834,1.0369045868549097e-05,7.980424036748029,0.00011994729446234354,7.980424036748029,0.2,stable,0.02409493136041066,0.00041417418691953335,0.019227635018327645,0.0003748919012035058,0.014959288811744829,0.00033316769691264596,0.011313078410277516,0.0002902964034791283,0.008289105244519514,0.0002476366166952041,0.014959288811751749,5.184465042398991,0.1676933647867727,-1.3338424889998688,0.1695718724989045,0.16857867785437602,0.1676933647868567,0.16664799062032223,0.1654545340849419
0.1,0.05,1,-2.2731578647068935,0.007745966692414834,2.5792652718089532e-06,7.980424036748029,0.00010169660104068106,7.980424036748029,0.2,stable,0.02452568497395975,0.0004243286482973666,0.019674711857049245,0.00038503680426136443,0.015432577156092968,0.00034304802628982095,0.011795245068287294,0.0002998388906638669,0.008758595479254958,0.00025668867768884344,0.015432577156092996,5.040021776254091,0.1729989188124912,-1.1365789323534468,0.17447769463682494,0.17369415571646205,0.17299891881256912,0.17216729243648288,0.17123427271002237
0.1,0.05,2,5.65074384359127,0.007745966692414834,3.24315909589058e-05,7.980424036748029,0.00015341240596829922,7.980424036748029,0.2,stable,0.024202264472653886,0.0004184968401694519,0.01930418256561935,0.000379933195684626,0.015010303768251658,0.0003390207497389953,0.011380004431502102,0.0002965947993570239,0.008371649360507917,0.00025449840223088567,0.01501030376828196,5.529828837476825,0.16826524155324818,2.825371921795635,0.17131933302519847,0.16945498826077623,0.16826524155337022,0.1674145394760927,0.16697416126830328
0.1,0.05,3,-5.94857494109319,0.007745966692414834,1.5125407171734212e-05,7.980424036748029,9.410051012342368e-05,7.980424036748029,0.2,stable,0.024016465281428877,0.0004195394841708129,0.0191995028873487,0.000380183887651024,0.01496187206892299,0.00033876217160357867,0.011329069087269203,0.0002965101076455997,0.008323316237070576,0.0002546098136731114,0.014961872068923973,5.040231973066653,0.16772232305430804,-2.974287470546595,0.1686434321596407,0.16825657520950874,0.16772232305437676,0.1668311564025051,0.165602471043577
0.1,0.05,4,-1.5056746175559423,0.007745966692414834,1.2202211591914802e-05,7.980424036748029,0.00011328182663888919,7.980424036748029,0.2,stable,0.02458879528771208,0.00042684359919851973,0.019742878486280216,0.00038761122158002023,0.01548183079230501,0.0003460244831212739,0.011827668942380864,0.00030329536091573765,0.008796509175194766,0.0002605347235506116,0.01548183079230678,5.057382033700007,0.17355105120919675,-0.7528373087779712,0.17555867207937056,0.1744735822938292,0.17355105120927697,0.17253817964735146,0.17144931567934893
0.1,0.05,5,-12.47385567307911,0.007745966692414834,2.505493810390657e-05,7.980424036748029,4.697949650631583e-05,7.980424036748029,0.2,stable,0.024104967352982305,0.00042107977415186125,0.019336550671726908,0.00038098812600299826,0.015152171773991809,0.00033856016659205315,0.011530458738173117,0.0002954545159512347,0.00852319950308755,0.0002524418691488836,0.015152171773969856,4.688882183366681,0.169855579404872,-6.236927836539555,0.1691511126256756,0.16982547870505516,0.16985557940490734,0.16913724876423378,0.16768408156483544
0.1,0.05,6,9.75810679350042,0.007745966692414834,4.743987024015534e-05,7.980424036748029,0.00017677490926944735,7.980424036748029,0.2,stable,0.02434343202417654,0.0004221876345037814,0.01944534086674394,0.000383722477756207,0.015122021454042947,0.0003432859640677236,0.01147918212712286,0.0003012932950741371,0.00850796550853927,0.00025908209393210233,0.015122021454077313,5.67066738036469,0.169517594848431,4.87905339675021,0.17359784636462608,0.17107046327079756,0.16951759484856874,0.16855021283340044,0.16823834474180627
0.1,0.025,0,-5.3324458597420845,0.005477225575051661,6.8677864350344714e-06,7.980424036748029,0.00011552721097554619,7.980424036748029,0.2,stable,0.017055995388298065,0.0002939567587029116,0.01361908660950628,0.00026618447426268586,0.010605590900465348,0.0002366914338152648,0.008030844208023535,0.00020639388573281633,0.005894045789981051,0.00017625246694642606,0.010605590900470191,7.3124836096632615,0.16813371169221827,-2.6662229298710423,0.16986905571982766,0.16895261293921618,0.1681337116923017,0.16715483706926215,0.16603645254867477
0.1,0.025,1,-4.2015072382497705,0.005477225575051661,2.2778083225683086e-06,7.980424036748029,9.891520474775414e-05,7.980424036748029,0.2,stable,0.017363732815777168,0.00030118350153339327,0.013938700657643431,0.0002733964195569279,0.01094306746309061,0.0002437191830835624,0.008374520788668486,0.0002131799286960724,0.006228522500497354,0.00018269133503854087,0.010943067463091278,7.118108668800516,0.1734838319839772,-2.1007536191248852,0.17485494312579042,0.17412395519789287,0.17348383198405526,0.17271766355275875,0.17186870693304374
0.1,0.025,2,11.18315247201622,0.005477225575051661,2.2775312938079216e-05,7.980424036748029,0.00014948630193987498,7.980424036748029,0.2,stable,0.01713122467214221,0.0002970442266279286,0.013673466904165904,0.00026976843038641556,0.010641811768387131,0.00024085117868688423,0.008077991160832987,0.00021087284477114035,0.005952815643819901,0.00018112351529299894,0.010641811768408407,7.797242135662085,0.16870793231075074,5.59157623600811,0.17161839818837168,0.16983293746223743,0.16870793231087175,0.16791842173318372,0.16754270720314318
0.1,0.025,3,-11.578574824484376,0.005477225575051661,1.0317603679786923e-05,7.980424036748029,9.063853334749907e-05,7.980424036748029,0.2,stable,0.017001447363846785,0.0002977815706989865,0.013600197635048212,0.0002699584633667957,0.010608095746099859,0.0002406839749243224,0.008043060143514224,0.0002108228945373223,0.005919623342686835,0.00018121182774583525,0.010608095746100873,7.1177714393111335,0.1681734217844903,-5.789287412242188,0.16897338515112623,0.1686467875791335,0.16817342178455916,0.16735269874497552,0.1662136143731415
0.1,0.025,4,-2.986339395829648,0.005477225575051661,8.413706387416633e-06,7.980424036748029,0.00010940777682039191,7.980424036748029,0.2,stable,0.017407332823257692,0.0003029924752076114,0.01398582899451737,0.00027525304665580773,0.010977242197931208,0.000245860837836502,0.008396654902115969,0.00021566808829576645,0.006255313058199416,0.0001854531641589762,0.010977242197932354,7.133325012772293,0.17402561462191193,-1.493169697914824,0.17590038997745386,0.17488596236171605,0.1740256146219916,0.17307567670007443,0.17205794793545767
0.1,0.025,5,-24.845085476395614,0.005477225575051661,1.745527724236459e-05,7.980424036748029,4.384813941025462e-05,7.980424036748029,0.2,stable,0.017065792657339523,0.00029886950020848217,0.01369904275104877,0.00027052099627640215,0.010744487144123013,0.00024053066659408573,0.008186737467895264,0.0002100673708572747,0.006061663370245906,0.00017967276676777227,0.010744487144107634,6.613432179322805,0.17033567678803943,-12.422542738197807,0.16950845523323382,0.170246901131996,0.17033567678807457,0.16967909987972113,0.1682985757804256
0.1,0.025,6,19.83717517072221,0.005477225575051661,3.4061439731823e-05,7.980424036748029,0.0001733749227461387,7.980424036748029,0.2,stable,0.017233258590544018,0.00029973491352250055,0.013775810761161626,0.00027252712445426997,0.01072309263698112,0.00024394929194961333,0.008150898239356547,0.00021427323158702553,0.006051732587177298,0.00018444553014154407,0.01072309263700611,8.008728774270313,0.16999650305187983,9.918587585361106,0.17395658194981878,0.17148919815570424,0.16999650305201733,0.16909892320290343,0.16887531497724714
0.1,0.0125,0,-10.662916463485937,0.003872983346207417,4.59200294206073e-06,7.980424036748029,0.00011165445829820678,7.980424036748029,0.2,stable,0.012071373177161709,0.00020855479190550963,0.009644227713773827,0.00018892008411760462,0.007516395558160358,0.00016807300045599906,0.005698088149391114,0.00014666125909062696,0.004188228933795133,0.0001253638450928773,0.007516395558163743,10.317491561023784,0.1685173243298378,-5.331458231742968,0.17012072080920185,0.16927496075337484,0.16851732432992075,0.16759974415918355,0.16655043665107902
0.1,0.0125,1,-7.927674779663561,0.003872983346207417,1.949742393184371e-06,7.980424036748029,9.639274231206831e-05,7.980424036748029,0.2,stable,0.012291037566790888,0.00021369443805059602,0.009872455540761023,0.00019404469326721646,0.007756892947776576,0.0001730682999150211,0.005942889285993882,0.00015148415732141852,0.004426336707872995,0.00012994127960815925,0.007756892947777369,10.051964373286115,0.1739092673552467,-3.9638373898317805,0.17517498315157828,0.17449682114990844,0.17390926735532478,0.17320279843873473,0.1724279888869537
0.1,0.0125,2,22.067761399931637,0.003872983346207417,1.5932652251708816e-05,7.980424036748029,0.0001458847492656061,7.980424036748029,0.2,stable,0.012124130980512559,0.00021075746634270363,0.009682757834822822,0.00019146718920009978,0.007542130721866597,0.0001710270266474831,0.005731399764824485,0.00014984330539666985,0.004230082840569544,0.00012881950902445788,0.007542130721881487,10.996538528489994,0.16909430579616286,11.033880699965819,0.1718656664750875,0.17015698811908644,0.16909430579628282,0.16836263989399963,0.16804684113197652
0.1,0.0125,3,-22.407637014273842,0.003872983346207417,7.068266457052134e-06,7.980424036748029,8.788260090863356e-05,7.980424036748029,0.2,stable,0.012033468310413945,0.00021127776154629134,0.00963151884976992,0.00019160853763024245,0.007518564744601045,0.00017091935817409575,0.005707347361823063,0.00014981446800636173,0.004207218681065843,0.00012888776648104625,0.007518564744602063,10.05789074622769,0.16856595741358554,-11.203818507136921,0.16925867797138602,0.168983988741121,0.1685659574136548,0.16781181153069813,0.16675970259648076
0.1,0.0125,4,-5.888724289116317,0.003872983346207417,5.794256575357619e-06,7.980424036748029,0.00010601698396004698,7.980424036748029,0.2,stable,0.012321187351603261,0.0002149943330793901,0.009905050304022129,0.00019538218424889608,0.0077805423924406526,0.00017460844887267967,0.005958006911397664,0.00015327301925301498,0.004445246636336043,0.00013192245470318223,0.007780542392441412,10.065747684514935,0.1744394870737041,-2.9443621445581587,0.1761916402663281,0.17524207483596485,0.17443948707378337,0.173548568446949,0.1725980921918576
0.1,0.0125,5,-49.444799733723436,0.003872983346207417,1.2122550095088123e-05,7.980424036748029,4.1391957502783174e-05,7.980424036748029,0.2,stable,0.012080082453481012,0.00021204776560038453,0.009702656583343714,0.0001920035384758637,0.0076162417305611265,0.00017080467245026448,0.005809802892879954,0.0001492750132520873,0.004308099105717334,0.00012779662506075398,0.00761624173055039,9.332533838141881,0.17075587200675818,-24.722399866861718,0.16981528929110937,0.1706124337405982,0.1707558720067932,0.1701576382768426,0.16884651599317543
0.1,0.0125,6,40.277555518190745,0.003872983346207417,2.443572737942566e-05,7.980424036748029,0.00017042851837412024,7.980424036748029,0.2,stable,0.012197761057930257,0.0002127142217862418,0.009756874023708194,0.00019347030385436783,0.007601094526325833,0.000173273185530686,0.005784725451864855,0.00015230073720388446,0.004301707060837579,0.00013122260548396815,0.00760109452634394,11.3136807616375,0.17041627222053524,20.138777759095372,0.17426514949436722,0.17185311775817436,0.17041627222067265,0.16958359001539552,0.1694420851231835
0.1,0.00625,0,-21.807376174469365,0.0027386127875258306,2.9863162675846373e-06,7.980424036748029,0.00010799285326353407,7.980424036748029,0.2,stable,0.008542300612617187,0.00014791451511261618,0.006828036131655734,0.00013403357195724804,0.005325472821956151,0.0001192970572738941,0.004041222415705751,0.0001041652978611172,0.0029743492730212183,8.911653643631099e-05,0.005325472821958415,14.55419356267655,0.1688527344633315,-10.903688087234682,0.17032538853724447,0.16955136859053144,0.16885273446341362,0.16799054501465951,0.1669997203408598
0.1,0.00625,1,-15.220686684986022,0.0027386127875258306,1.6108634641875508e-06,7.980424036748029,9.409142748743524e-05,7.980424036748029,0.2,stable,0.008698930478742883,0.00015156828302512676,0.006990853543728045,0.0001376733324477221,0.005496718490599508,0.00012284609747489073,0.004215502906449612,0.00010759099748167517,0.0031437529416313333,9.236887364005869e-05,0.005496718490600237,14.194631265048722,0.17428235552833513,-7.610343342493011,0.17544460255434205,0.1748193214240819,0.17428235552841304,0.17363123448229595,0.17292315729892194
0.1,0.00625,2,43.338308414464166,0.0027386127875258306,1.1065410547349348e-05,7.980424036748029,0.00014255309345038926,7.980424036748029,0.2,stable,0.008579334185973871,0.00014948413949215445,0.006855294935039439,0.00013584301574949954,0.005343700933951113,0.00012139419960235977,0.004064754380139409,0.00010642469959548552,0.003004169344271995,9.156667372150562e-05,0.00534370093396146,15.509829815688924,0.16943068625437857,21.669154207232083,0.17206748106164732,0.17043378597238898,0.1694306862544975,0.16875262384924003,0.168490379788172
0.1,0.00625,3,-43.13176972980101,0.0027386127875258306,4.879034891889937e-06,7.980424036748029,8.574971622185657e-05,7.980424036748029,0.2,stable,0.008515929423461976,0.00014985138262913627,0.006819484929551751,0.0001359466697221597,0.0053271808852761475,0.00012132507862324215,0.004048177000491199,0.00010640809433491172,0.00298839987817959,9.161825948744748e-05,0.005327180885277118,14.22001063245226,0.16890689137516018,-21.565884864900504,0.1695045598765012,0.16927451115351785,0.16890689137523004,0.16821578332369003,0.16724808963709412
0.1,0.00625,4,-11.43609271339235,0.0027386127875258306,3.982218505534876e-06,7.980424036748029,0.00010307724933419523,7.980424036748029,0.2,stable,0.008719790905302768,0.00015250159149688558,0.00701344210932762,0.00013863535248308863,0.0055130756080222325,0.00012395269443631703,0.004225869847010171,0.00010887524764894596,0.0031570936249843483,9.378861742281976e-05,0.005513075608022803,14.210716019402906,0.17480098440826203,-5.718046356696175,0.1764403194066137,0.17554966855884155,0.17480098440834105,0.17396652956217487,0.1730818043981158
0.1,0.00625,5,-98.3845519450167,0.0027386127875258306,8.41493453976276e-06,7.980424036748029,3.954063389902617e-05,7.980424036748029,0.2,stable,0.00854965457918153,0.0001503964490534007,0.006870611662116284,0.00013622462463138874,0.005397108591384996,0.00012123991165712038,0.00412122127139037,0.0001060235364750329,0.003060016170079034,9.084551837617692e-05,0.005397108591377498,13.174383384438736,0.17112406246676795,-49.19227597250835,0.17007800687894128,0.17092953347777967,0.1711240624668029,0.17058070731609906,0.1693351706583805
0.1,0.00625,6,81.93500011132868,0.0027386127875258306,1.7594195827728966e-05,7.980424036748029,0.00016800883050974836,7.980424036748029,0.2,stable,0.008632341978024847,0.00015090463682691855,0.00690896471095319,0.00013729331380248213,0.005386395898109342,0.00012301949631473238,0.004103673152270238,0.0001081974821601975,0.0030559134997950785,9.330217332285026e-05,0.005386395898122518,15.989737796811037,0.17078439918979862,40.96750005566434,0.17453489683646142,0.172170626181301,0.17078439918993615,0.17001268469885758,0.16995024519920374
0.15,0.1,0,-1.2569915369739748,0.010954451150103323,1.6297641271937424e-05,7.980424036748029,0.00012776593435092322,7.980424036748029,0.2,stable,0.03422709342962202,0.0005862120228962842,0.027333405609665583,0.0005305773804300214,0.02127907179448447,0.00047150175439500137,0.01610053316907473,0.0004107738997451042,0.011798114691122482,0.0003503190490886759,0.021279071794495303,3.649146623867258,0.16867185222159997,-0.6284957684869874,0.17090973541150634,0.1697234485917286,0.1686718522216827,0.16746941686686978,0.16610646718190786
0.15,0.1,1,-1.3887635020757785,0.010954451150103323,3.7743419680838683e-06,7.980424036748029,0.0001057057084223221,7.980424036748029,0.2,stable,0.03483535666171258,0.0006005433913656256,0.027966269903233778,0.0005448720507699734,0.021952181747557305,0.00048537587461989443,0.01678465277246613,0.0004241718384285235,0.012463616348842289,0.0003630213693206949,0.021952181747554797,3.5273299191471135,0.1740073623241107,-0.6943817510378892,0.17574693429010438,0.17484240653262975,0.1740073623241847,0.17300566649519533,0.17184774334135638
0.15,0.1,2,2.8188443238336904,0.010954451150103323,4.6853389378682855e-05,7.980424036748029,0.00015830392057812246,7.980424036748029,0.2,stable,0.03437775219575033,0.0005923532423105994,0.027442521819524935,0.0005377118350418429,0.021352540636676062,0.00047976798059527986,0.01619572441202659,0.00041967648729361145,0.011915090526599639,0.0003600193736698399,0.021352540636719528,3.8881873251081442,0.16925421435738472,1.4094221619168452,0.17264774306491773,0.17060648434279965,0.1692542143575043,0.16824020569059184,0.1676123220551102
0.15,0.1,3,-3.097078925676814,0.010954451150103323,2.2689914197552298e-05,7.980424036748029,9.984097790300938e-05,7.980424036748029,0.2,stable,0.03410656353675329,0.0005937568990945603,0.027289293808777388,0.0005379438709127254,0.02128160804742927,0.00047924884127586824,0.01612232055880024,0.00041936840635874547,0.011844105655083847,0.0003599773377358798,0.021281608047431108,3.5349928029655437,0.16869195622260508,-1.548539462838407,0.16989244430790945,0.16936641449475642,0.16869195622267094,0.16764584847924147,0.1662244191814497
0.15,0.1,4,-0.8622263885217674,0.010954451150103323,1.7319962852290382e-05,7.980424036748029,0.00011868694321587821,7.980424036748029,0.2,stable,0.034920141351283844,0.000603973394784168,0.028055277727926806,0.0005484254561704461,0.022014047231017707,0.0004895155060233497,0.016824779165434525,0.0004289892468506304,0.012513881031114941,0.00036837811597133186,0.022014047231018283,3.549843463848388,0.17449774864288797,-0.4311131942608837,0.17678782282636135,0.17556186737385715,0.17449774864296555,0.17333016274514187,0.1720522686646156
0.15,0.1,5,-6.4947766709665204,0.010954451150103323,3.9005342773114956e-05,7.980424036748029,5.229364095591079e-05,7.980424036748029,0.2,stable,0.03423916917970733,0.0005960539392699738,0.02748463519766321,0.0005392836321788971,0.021553767163746115,0.000479167170559284,0.01640965562593311,0.00041810731426868033,0.012131324480818552,0.000357155454631437,0.02155376716371134,3.2781520676785805,0.17084926753233068,-3.2473883354832602,0.17038230404506333,0.17094724125382527,0.1708492675323625,0.16997192061025682,0.16830472842716396
0.15,0.1,6,4.178403204178893,0.010954451150103323,6.0344723497714745e-05,7.980424036748029,0.00017644416837349418,7.980424036748029,0.2,stable,0.034585416393942255,0.0005977809382482334,0.02764711307377683,0.0005433294710487182,0.02152052761743808,0.00048602614794393057,0.01634039165907344,0.00042661258928493014,0.012114108921395412,0.00036680916707960244,0.021520527617476276,3.943539574257044,0.17058578913032688,2.0892016020894464,0.1748318556674017,0.17226165767158427,0.17058578913045555,0.1694113289733151,0.1687739949242012
0.15,0.05,0,-2.5295302629629175,0.007745966692414834,1.0552990297993179e-05,7.980424036748029,0.00012039896780229896,7.980424036748029,0.2,stable,0.024222224094594347,0.0004165587540760545,0.01935791825732632,0.00037723492143834896,0.015087532861024069,0.0003354904963211746,0.01143463491913371,0.00029259215116681875,0.008398031158322798,0.0002498992155902024,0.015087532861031497,5.145728786518678,0.16913097832631108,-1.2647651314814587,0.17112650105248314,0.17007003701649442,0.1691309783263933,0.16804014782018642,0.16680236349088187
0.15,0.05,1,-2.4292877578726753,0.007745966692414834,2.6355747556296722e-06,7.980424036748029,0.00010095864395531467,7.980424036748029,0.2,stable,0.02465838204720046,0.0004267864679600553,0.019812272987362968,0.0003874184905250738,0.01556875344342199,0.0003453854876247496,0.01192385541883359,0.00030214221935803676,0.008873221589311935,0.00025896030479861937,0.0155687534434221,4.9885126612676425,0.1745254526012168,-1.2146438789363376,0.17608690855841733,0.1752669075693988,0.17452545260129176,0.17363824036741324,0.17263079095425887
0.15,0.05,2,5.472140110847072,0.007745966692414834,3.2325528376746605e-05,7.980424036748029,0.00015162584415685736,7.980424036748029,0.2,stable,0.024327364879328815,0.000420962625135993,0.01943540591780626,0.00038231916920617365,0.015139898411020565,0.00034137534707244743,0.0115016578350489,0.00029893669492822334,0.008481617876579743,0.0002567962292834989,0.01513989841105053,5.47722442245384,0.1697179952220722,2.736070055423536,0.17285758584210525,0.17095678420431934,0.16971799522219036,0.1688075346462408,0.16828545916157844
0.15,0.05,3,-6.004092409377254,0.007745966692414834,1.5180732610360049e-05,7.980424036748029,9.351431378089706e-05,7.980424036748029,0.2,stable,0.02413967826292279,0.00042195434012671097,0.019328909787012297,0.0003825153472570868,0.015090856401621899,0.000341049515458432,0.011451931547648328,0.0002987504845828222,0.008433456654555863,0.00025679788419064086,0.01509085640162343,4.992737761756059,0.16916823515797727,-3.002046204688627,0.17015631363554232,0.16973802297462434,0.16916823515804358,0.16823820179663565,0.16696011898233135
0.15,0.05,4,-1.6968424595256335,0.007745966692414834,1.1754999856045927e-05,7.980424036748029,0.00011220168957519789,7.980424036748029,0.2,stable,0.024716768538052138,0.0004292789150304578,0.019873337278059032,0.0003900129209373995,0.015611737065429345,0.0003483914556347444,0.01195093574424798,0.00030564220428599736,0.00890913004498159,0.00026283674803844305,0.015611737065429572,5.006657428728437,0.1750072982488163,-0.8484212297628168,0.17707147146704547,0.17596488492383672,0.17500729824889347,0.17394790102607083,0.17279303606101984
0.15,0.05,5,-12.87491279993595,0.007745966692414834,2.6754237292430478e-05,7.980424036748029,4.604405687000412e-05,7.980424036748029,0.2,stable,0.024236262728873907,0.0004235746451123298,0.01947088072219868,0.0003834392205202737,0.015286803060307472,0.0003409593923335976,0.01165777127223588,0.00029782455249561493,0.008637538858292002,0.0002547765060923871,0.015286803060283469,4.625382282628246,0.17136479375935565,-6.437456399967975,0.17069097722209062,0.17136268478807562,0.17136479375938765,0.17059440796257594,0.16905508456053187
0.15,0.05,6,8.714250321467727,0.007745966692414834,4.3880119150580346e-05,7.980424036748029,0.00017111926563922517,7.980424036748029,0.2,stable,0.024478287300238363,0.00042495063935852804,0.019584834776461963,0.0003864370071364895,0.015262540198734685,0.000345954965214574,0.011609518810237144,0.00030397973687317013,0.008626621131059999,0.00026174555301649937,0.01526254019876386,5.577276575944248,0.171092807507854,4.3571251607338635,0.17514162813595976,0.17266627587501027,0.17109280750798347,0.17004219415972815,0.16956683934166855
0.15,0.025,0,-5.159198599447165,0.005477225575051661,6.769269614393837e-06,7.980424036748029,0.00011399168581260789,7.980424036748029,0.2,stable,0.0171379356295935,0.00029580761473067623,0.013704782954591014,0.0002680126262473838,0.010692061662704167,0.0002385123351128199,0.008114804261811633,0.00020820697566945967,0.00597123909626765,0.00017805663097224383,0.010692061662709206,7.257731516236614,0.16950455942192688,-2.5795992997235824,0.17127455641779873,0.17033980476091692,0.16950455942200843,0.16851453812479103,0.16738737737923304
0.15,0.025,1,-4.408458885296304,0.005477225575051661,2.614499452531719e-06,7.980424036748029,9.68852248358099e-05,7.980424036748029,0.2,stable,0.017450313627475688,0.00030309556329945116,0.01403037277053321,0.00027526019947603166,0.01103566769889488,0.00024556109854026524,0.008464037514170257,0.0002150082962269059,0.006310050038604341,0.00018451354628224278,0.011035667698895862,7.051248115163145,0.17495185215329598,-2.204229442648152,0.1763412370701552,0.17560606060171016,0.1749518521533715,0.17416538993817277,0.17328501719285264
0.15,0.025,2,10.665848268526801,0.005477225575051661,2.2346256340460986e-05,7.980424036748029,0.00014594195190269793,7.980424036748029,0.2,stable,0.017211538730089793,0.0002989563563981527,0.013759723552706667,0.0002716310471983653,0.010729261792969905,0.00024269741812822418,0.008162063988299198,0.0002127219457942663,0.006030922001391561,0.00018295478562139954,0.010729261792990637,7.721065916388654,0.1700943045891671,5.332924134263401,0.17300190833327314,0.1712288978573322,0.17009430458928404,0.16927968676882507,0.16885638942096332
0.15,0.025,3,-11.451243200109209,0.005477225575051661,1.0212734149623125e-05,7.980424036748029,8.885488823839841e-05,7.980424036748029,0.2,stable,0.01708146597962188,0.00029965545356566676,0.01368575568565356,0.00027178721125641856,0.01069511493772112,0.00024249401474892235,0.008128145105550844,0.0002126101242995704,0.005998093405419601,0.00018297448039246374,0.010695114937722723,7.0611819292626405,0.1695529639347739,-5.7256216000546045,0.17036400775596436,0.17003184554245276,0.16955296393484112,0.16873054503095805,0.1675917673044817
0.15,0.025,4,-3.387920196952872,0.005477225575051661,7.964106787919372e-06,7.980424036748029,0.00010666340535932662,7.980424036748029,0.2,stable,0.017490463564657083,0.0003049044026233063,0.014072420725001804,0.0002771476333326828,0.011065517111681617,0.00024773907804031756,0.00848242989432434,0.00021754344601696736,0.006335666045195607,0.00018731213109521788,0.011065517111681666,7.06360659937847,0.1754250641233407,-1.693960098476436,0.17728253837161675,0.17628570575155697,0.17542506412341746,0.1744627848890631,0.17341683937082342
0.15,0.025,5,-25.519565031386517,0.005477225575051661,1.837567561651573e-05,7.980424036748029,4.130098335647214e-05,7.980424036748029,0.2,stable,0.017151459847722848,0.000300802237960418,0.013788525491599686,0.0002724286078590592,0.010836048194146585,0.00024241043532645103,0.008275393581688648,0.0002119361689913365,0.006143182514436173,0.00018152995285174053,0.010836048194130008,6.530378084355164,0.17178722242384695,-12.759782515693258,0.17092794723136082,0.17169491840861614,0.17178722242387912,0.17111393948807224,0.16969126985232183
0.15,0.025,6,18.13530821127489,0.005477225575051661,3.19038098784266e-05,7.980424036748029,0.00016691883403643378,7.980424036748029,0.2,stable,0.01732103667343442,0.00030187287808342066,0.013868682467261867,0.00027463589786411234,0.010818517038184478,0.0002460367146474915,0.00824184564936807,0.00021637950563962817,0.0061364717366481835,0.00018654913350890824,0.01081851703820653,7.891567336216454,0.17150929558842826,9.067654105637445,0.17538505720123707,0.17299160300289995,0.17150929558855868,0.17057104742003534,0.1702443583191046
0.15,0.0125,0,-10.749718606912287,0.003872983346207417,4.1923263171411616e-06,7.980424036748029,0.00010830460698304398,7.980424036748029,0.2,stable,0.012123521097533136,0.00020993916963191704,0.00969983790911563,0.0001902944993955332,0.007574013614192747,0.0001694449173637994,0.005755263402328576,0.00014803501648070949,0.0042418673079481495,0.00012674150807221455,0.007574013614196025,10.235802768187595,0.1698091191217074,-5.374859303456144,0.1713659458208828,0.17054792254668777,0.1698091191217882,0.16890906991746266,0.1678765102987282
0.15,0.0125,1,-8.295668722891445,0.003872983346207417,2.3136389011920327e-06,7.980424036748029,9.336396498637704e-05,7.980424036748029,0.2,stable,0.01234690208303697,0.0002151271959214925,0.009932746019420827,0.00019544857201916657,0.00781902303801869,0.0001744619081532429,0.006004194045304181,0.0001528750950134475,0.004483319829192759,0.0001313370352290509,0.007819023038019709,9.963132956118635,0.17530222179557836,-4.147834361445723,0.17652663861084295,0.17587521826590802,0.17530222179565405,0.17460479029425474,0.1738322432750627
0.15,0.0125,2,20.80996354229624,0.003872983346207417,1.5423995239568903e-05,7.980424036748029,0.00014112435907002438,7.980424036748029,0.2,stable,0.012175128389082388,0.00021218596194728107,0.009738766775801367,0.0001928666412165761,0.007600309415140349,0.0001724193170091757,0.005788530116875377,0.0001512451565048974,0.004284413991410519,0.00013021717411242767,0.0076003094151546845,10.88926874462794,0.170398670055278,10.40498177114812,0.1730959433061792,0.17143880167910275,0.17039867005539394,0.16967068788435705,0.16933634423826027
0.15,0.0125,3,-21.829915732176488,0.003872983346207417,6.957820257726984e-06,7.980424036748029,8.530664542412285e-05,7.980424036748029,0.2,stable,0.012084638551904616,0.0002126811627422927,0.009687333146292639,0.00019298730125730582,0.007576485894961037,0.00017229208744287341,0.005765346626575765,0.0001511776158137324,0.004262069993453098,0.00013024093876743865,0.007576485894962565,9.990266098007728,0.16986454756964373,-10.914957866088244,0.17051777863687365,0.17026171301137474,0.16986454756971192,0.1691399333917945,0.16812861601697754
0.15,0.0125,4,-6.694570978513874,0.003872983346207417,5.411597352016973e-06,7.980424036748029,0.00010207202481156857,7.980424036748029,0.2,stable,0.012374522087185438,0.00021643747091647404,0.009961858683533071,0.00019681652811619218,0.007839748688999022,0.0001760366464345185,0.006016785985921412,0.0001547062179852651,0.004501489501230038,0.00013335390070908992,0.007839748688999042,9.971576381878444,0.1757668901623507,-3.347285489256937,0.17744046200394148,0.17654065883872777,0.17576689016242722,0.1748927029211437,0.17394660160439168
0.15,0.0125,5,-50.61817331142179,0.003872983346207417,1.2616863871112642e-05,7.980424036748029,3.793476635826474e-05,7.980424036748029,0.2,stable,0.012135397333143238,0.00021349141971972616,0.009761571849614776,0.00019343391168208978,0.007677740688060643,0.00017222081290151477,0.005870620212353201,0.00015068965723996703,0.004365099602614007,0.00012921192348993245,0.00767774068804919,9.223689529746336,0.17213467647315445,-25.309086655710896,0.17110747455428063,0.17196060314528167,0.1721346764731868,0.17154947720129152,0.17023258088826018
0.15,0.0125,6,37.57816293256093,0.003872983346207417,2.3178802505701053e-05,7.980424036748029,0.00016358004819928007,7.980424036748029,0.2,stable,0.012254235111597366,0.00021431308852675292,0.009817978045820757,0.00019505194096761173,0.007665050817463902,0.00017484672851392167,0.005847178586408091,0.00015389154481563441,0.004361076192486342,0.00013281974501184147,0.007665050817480406,11.168499907839616,0.17185017002075442,18.789081466280464,0.1755721047849231,0.17325095506517127,0.17185017002088576,0.1710130574200647,0.1708206284552785
0.15,0.00625,0,-21.902007895412186,0.0027386127875258306,2.640435509268224e-06,7.980424036748029,0.00010366733182918885,7.980424036748029,0.2,stable,0.008575187295951402,0.00014892352827510514,0.006863758001299063,0.00013504031689261125,0.00536338476524297,0.00012030469313444442,0.0040797324483923675,0.00010517763894934527,0.0030111370636964185,9.013805270468276e-05,0.005363384765245167,14.448061279781234,0.1700547939812027,-10.951003947706093,0.17142485031070967,0.17070771239618707,0.170054793981283,0.16923761050684297,0.16829526932501776
0.15,0.00625,1,-15.905303906614028,0.0027386127875258306,1.918123312181146e-06,7.980424036748029,9.043320012259504e-05,7.980424036748029,0.2,stable,0.008734639002763639,0.00015261463443083428,0.007030105846897004,0.0001387032926247354,0.005537945492276887,0.00012387226315192448,0.004256943531733053,0.00010861976858342828,0.0031829864265844323,9.340656617093714e-05,0.005537945492277755,14.077226271521097,0.17558952433751293,-7.952651953307014,0.17666137517414285,0.1760883746695797,0.17558952433758868,0.1749713842259959,0.17429287634768797
0.15,0.00625,2,40.69632606666534,0.0027386127875258306,1.0641346127818281e-05,7.980424036748029,0.00013707664912340967,7.980424036748029,0.2,stable,0.008611341669892261,0.00015052525206378902,0.006891312426310518,0.00013686714309115626,0.0053819836756613705,0.00012241658582175878,0.004103120003216031,0.00010745834873795456,0.0030414717897079874,9.260229929737035e-05,0.005381983675671274,15.36433854428582,0.17064450253634808,20.34816303333267,0.17315242330968297,0.1715994492156995,0.17064450253646316,0.16999477830226772,0.16974091474472727
0.15,0.00625,3,-42.06245156145487,0.0027386127875258306,4.73454582657938e-06,7.980424036748029,8.24501181134852e-05,7.980424036748029,0.2,stable,0.008548293631453648,0.00015087573606366983,0.006855479951931555,0.00013695879107952186,0.0053653700425717685,0.00012233642117528794,0.004087226294963598,0.00010741741388516473,0.003026175864571956,9.262504094840394e-05,0.005365370042573007,14.131077449778026,0.1701177404118282,-21.031225780727436,0.1706230441986959,0.17043977466008395,0.17011774041189698,0.1694802377767247,0.16857985877395837
0.15,0.00625,4,-13.741258538716716,0.0027386127875258306,3.702649767874897e-06,7.980424036748029,9.801669070964393e-05,7.980424036748029,0.2,stable,0.008753683500427371,0.00015356154302490263,0.007050345616068259,0.0001396917409060341,0.005552425760640924,0.0001250076129787011,0.004265610942627354,0.00010993926299652589,0.0031959183051308636,9.485681774981288e-05,0.005552425760640824,14.07366916094399,0.17604864468055278,-6.870629269358358,0.17754944927502608,0.17674260118785337,0.17604864468062878,0.17525162873406053,0.17438899017284168
0.15,0.00625,5,-100.36806488584826,0.0027386127875258306,8.665419602179843e-06,7.980424036748029,3.59013131272289e-05,7.980424036748029,0.2,stable,0.008585035695382031,0.00015144840438274101,0.0069090137122313445,0.00013727045937665525,0.005437967556069183,0.0001222793311217078,0.004162425268010573,0.00010706577989108135,0.0030992903826633188,9.189366538519265e-05,0.00543796755606127,13.033591209008359,0.17241956206743517,-50.18403244292413,0.17124288756760264,0.17217221161488122,0.1724195620674678,0.17191415203328037,0.17069384623707415
0.15,0.00625,6,77.13569305161383,0.0027386127875258306,1.6779631491294016e-05,7.980424036748029,0.00016073891049972383,7.980424036748029,0.2,stable,0.008668318770009708,0.00015207223821825483,0.006948789537302888,0.00013845101715147452,0.005428903251124344,0.00012417516034626393,0.004146038158636932,0.00010936865254858224,0.0030969313146122566,9.448266454148564e-05,0.005428903251136537,15.801412909498703,0.17213216361019962,38.567846525806914,0.17571155855750967,0.1734589620626395,0.17213216361033162,0.1713838828553842,0.17130675537103443
0.2,0.1,0,-1.2424045876555527,0.010954451150103323,1.5627810732419605e-05,7.980424036748029,0.00012606736798677356,7.980424036748029,0.2,stable,0.03433384123999914,0.0005887921175782722,0.027445437627554473,0.0005331403671095402,0.021393357314976783,0.0004740613147790538,0.01621253888297573,0.00041333143356566906,0.011902320572195091,0.00035287351507098485,0.02139335731498746,3.630257835558432,0.1695777540677766,-0.6212022938277764,0.17181502448559244,0.17063007826440288,0.16957775406785805,0.16837634132046955,0.16701563912163228
0.2,0.1,1,-1.4435171095116948,0.010954451150103323,4.085988755713659e-06,7.980424036748029,0.00010386688697945634,7.980424036748029,0.2,stable,0.03495102008103328,0.0006032213496416038,0.02808971271219579,0.0005474824362891507,0.022078081065343234,0.0004879535223543883,0.016907278270189365,0.0004267311829304802,0.012575021914205323,0.0003655882344038409,0.022078081065341263,3.5034535487772684,0.17500532272997876,-0.7217585547558474,0.1767339196779581,0.17584017858034973,0.17500532273005084,0.1739972448263229,0.17282418211808107
0.2,0.1,2,2.633181751444485,0.010954451150103323,4.5312299046753116e-05,7.980424036748029,0.00015492358098587031,7.980424036748029,0.2,stable,0.03448280059491098,0.0005950521500340323,0.02755804575484899,0.0005403246043223916,0.021471227784869044,0.0004823552969130646,0.016309937793089545,0.0004222830868690957,0.01202324621948617,0.000362597403035931,0.021471227784910597,3.856366575144288,0.17019500638598958,1.3165908757222424,0.17354707932630567,0.17154117011390776,0.1701950063861056,0.16916482446801395,0.16849343926634625
0.2,0.1,3,-3.061000204594579,0.010954451150103323,2.2570507967066548e-05,7.980424036748029,9.813501430915042e-05,7.980424036748029,0.2,stable,0.03421186884811215,0.0005963804419784109,0.02740313590382088,0.000540507008366316,0.021398494149290733,0.0004817892233921621,0.01623792324475636,0.00042187813673935664,0.011952225234311026,0.00036245057624382187,0.02139849414929348,3.5169618749366114,0.16961847197904978,-1.5305001022972895,0.17080916648334582,0.17028777107750717,0.16961847197911475,0.1685818528559119,0.16717493402133607
0.2,0.1,4,-0.9209134296111563,0.010954451150103323,1.6777195530824644e-05,7.980424036748029,0.00011648402701785645,7.980424036748029,0.2,stable,0.0350300437869158,0.0006066643119920755,0.028170288761093808,0.000551103088703937,0.02213222702970342,0.0004921797089306131,0.016940665535553536,0.00043165862739551853,0.012623746542938172,0.0003710332004403198,0.02213222702970242,3.5270843218520476,0.1754345190871906,-0.46045671480557815,0.1776980064295938,0.17649134548418716,0.17543451908726634,0.17426718307849007,0.1729813649276821
0.2,0.1,5,-6.549258570112133,0.010954451150103323,3.906316745721783e-05,7.980424036748029,5.064698136081231e-05,7.980424036748029,0.2,stable,0.034355597350331155,0.0005987707788275436,0.02760640176376675,0.0005419745746085347,0.02167910246471151,0.000481821926325814,0.01653265751955991,0.00042074048502660586,0.012244172148654782,0.00035978679913127386,0.021679102464676067,3.2535598085211572,0.17184275717166647,-3.2746292850560663,0.17134869935695318,0.1719323490359767,0.17184275717169684,0.17096725427888237,0.16929438737736893
0.2,0.1,6,3.8477281820378426,0.010954451150103323,5.774545887371585e-05,7.980424036748029,0.00017146849546248487,7.980424036748029,0.2,stable,0.03470301472825902,0.0006008857318979162,0.02777369567010368,0.0005463863697043276,0.02165227895522704,0.0004890524911147486,0.016467075600576853,0.0004296726862262942,0.012232541508026735,0.00036988227818842605,0.021652278955261197,3.9008890003756442,0.17163013647741018,1.9238640910189213,0.17578470193342094,0.17328540632508949,0.17163013647753372,0.17043659401132968,0.16973402229418075
0.2,0.05,0,-2.5505345559032913,0.007745966692414834,9.691036426125546e-06,7.980424036748029,0.0001166996808727944,7.980424036748029,0.2,stable,0.02428472665921253,0.0004185720056787247,0.01942634738215795,0.00037924516518380544,0.015160818873724988,0.00033750497861635334,0.011509635300097649,0.0002946185999383068,0.008470043162086079,0.0002519487013676267,0.01516081887373226,5.119541123138359,0.16995251324125757,-1.2752672779516456,0.1718615156598862,0.1708531306520111,0.16995251324133848,0.16889886375698884,0.16770099182952392
0.2,0.05,1,-2.4585694665905344,0.007745966692414834,3.606457657235818e-06,7.980424036748029,9.799082602341151e-05,7.980424036748029,0.2,stable,0.024728198955943075,0.00042887624905340064,0.019889576013001554,0.00038947207872513793,0.015650365424557767,0.0003474302314678953,0.01200645152568266,0.00030418851277026597,0.008950899333574153,0.0002610329695108497,0.015650365424558613,4.960805746377533,0.17544032147606414,-1.2292847332952672,0.17693044019268936,0.17615047887966637,0.17544032147613772,0.17458264990432004,0.17360546172242258
0.2,0.05,2,5.160672588137413,0.007745966692414834,3.1408081945974096e-05,7.980424036748029,0.00014707998757653457,7.980424036748029,0.2,stable,0.024388735847657956,0.0004230577880568925,0.019506055510850898,0.00038436710737296093,0.01521567108248582,0.0003434173416018985,0.01157781592855144,0.0003010046652998229,0.008556375236040853,0.0002588663552829305,0.015215671082514726,5.437743952627965,0.17056740553807487,2.5803362940687067,0.17359576871348767,0.17176511381919687,0.17056740553819003,0.1696793376120121,0.16916120662123882
0.2,0.05,3,-5.75833412665418,0.007745966692414834,1.486718318469091e-05,7.980424036748029,9.094640229896455e-05,7.980424036748029,0.2,stable,0.024202364928465014,0.00042399776550912014,0.019399148853448758,0.00038453508725569044,0.01516553679925004,0.0003430716710725083,0.011529249859290531,0.0003007635891896245,0.008508637601967834,0.00025880515573413395,0.01516553679925285,4.977709285233213,0.17000540110347717,-2.87916706332709,0.17093539354280235,0.17054189215538113,0.17000540110354354,0.16912341000384196,0.16791451415881534
0.2,0.05,4,-1.8377907529719701,0.007745966692414834,1.1248305158273753e-05,7.980424036748029,0.00010842297276626912,7.980424036748029,0.2,stable,0.02478241271423456,0.0004314019561756084,0.019945123934679926,0.00039213233326841374,0.01568858523181898,0.00035051286602063713,0.012029134935086427,0.00030778373828112683,0.008985895827667113,0.0002649908848980225,0.015688585231818142,4.975736717764409,0.17586876484402655,-0.9188953764859851,0.17783380826805634,0.17678528402305224,0.1758687648441019,0.17484197821967254,0.17371396492240082
0.2,0.05,5,-13.021049925911322,0.007745966692414834,2.6972929140590413e-05,7.980424036748029,4.2635316674263215e-05,7.980424036748029,0.2,stable,0.024306493026597365,0.00042568431429177074,0.01954716474495502,0.0003855385391922279,0.015368349673631968,0.0003430439558411058,0.011740517598538905,0.0002999117097155231,0.00871625807202724,0.0002568796327283865,0.015368349673607326,4.5915249694025455,0.17227892986217158,-6.510524962955661,0.17150571079939642,0.17223538930019247,0.17227892986220206,0.17154120742853549,0.17002855246040238
0.2,0.05,6,8.232118063388523,0.007745966692414834,4.234026537418142e-05,7.980424036748029,0.0001654116396244274,7.980424036748029,0.2,stable,0.024549099097280126,0.0004273395777676115,0.01966412062596251,0.0003888031204203085,0.015347863166872552,0.00034831564975930574,0.01169491483344529,0.0003063746959075122,0.008709347381654364,0.00026416600121525926,0.015347863166899707,5.5275760462861605,0.17204927648177493,4.116059031694261,0.17595697623441547,0.1735730416883081,0.17204927648190033,0.17101943835879557,0.1705352154514458
0.2,0.025,0,-5.393573381999967,0.005477225575051661,5.675597333912244e-06,7.980424036748029,0.00010883069574590463,7.980424036748029,0.2,stable,0.01717390309037029,0.00029729919497566333,0.013745679604997667,0.00026951339578209637,0.010738221783436213,0.00024001928739627362,0.008163890000659542,0.0002097317618841474,0.006019806209235544,0.0001796112847863833,0.01073822178344078,7.218767312775725,0.17023635008815333,-2.6967866909999834,0.17184724168383025,0.17100164545577573,0.17023635008823335,0.1693092475189117,0.16824492002155295
0.2,0.025,1,-4.431925373120105,0.005477225575051661,3.4977193525831092e-06,7.980424036748029,9.32237214563606e-05,7.980424036748029,0.2,stable,0.01749166912885183,0.0003046482161437913,0.0140778408262419,0.00027679706714086563,0.011087637394167384,0.0002470992469805602,0.008518454351048173,0.00021655704297294094,0.00636291695084113,0.0001860917734393892,0.011087637394168813,7.017006482493276,0.17577574380099137,-2.2159626865600526,0.17704165282383175,0.17637330656345263,0.17577574380106573,0.17504522327718855,0.1742258223178267
0.2,0.025,2,10.131573647445261,0.005477225575051661,2.1653328736319203e-05,7.980424036748029,0.00014076445722893582,7.980424036748029,0.2,stable,0.017246644330961944,0.0003005044437908504,0.013801992280180874,0.0002731587528658114,0.010776698514287269,0.00024422809962751845,0.008211741169074725,0.00021427832274307335,0.006081330214832042,0.00018452510880088592,0.010776698514307294,7.672273676685717,0.17084633359918264,5.065786823722631,0.17358873933017846,0.17191279577900231,0.17084633359929696,0.17008381862855873,0.16970089502239788
0.2,0.025,3,-10.910916763476576,0.005477225575051661,9.880917010327822e-06,7.980424036748029,8.562720335358324e-05,7.980424036748029,0.2,stable,0.017117696536784566,0.0003011742312955726,0.013728126956499952,0.0002732993670998204,0.010742106245688898,0.00024401555517540954,0.008178819984598356,0.00021413443058954248,0.0060492260980427575,0.0001845050465482456,0.010742106245691364,7.045574161844398,0.17029793166926288,-5.455458381738288,0.17099776204493528,0.17071759951476556,0.1702979316693304,0.16955093632072163,0.16851380104382277
0.2,0.025,4,-3.6652076964296016,0.005477225575051661,7.628571112801802e-06,7.980424036748029,0.00010200180267149344,7.980424036748029,0.2,stable,0.01752883208841349,0.0003064947873560204,0.014116436751959551,0.0002787394751329653,0.011114540584405929,0.0002493401990192955,0.00853405859616382,0.0002191683967097269,0.00638809948793938,0.0001889575783874322,0.011114540584405268,7.023569655235737,0.1762022483940179,-1.8326038482148008,0.17790875348198157,0.17699705362338192,0.17620224839409304,0.17529748693361144,0.17430644467472015
0.2,0.025,5,-25.72784343792577,0.005477225575051661,1.8317112498500794e-05,7.980424036748029,3.7473025912468465e-05,7.980424036748029,0.2,stable,0.01719305068886421,0.0003023643531040573,0.013835640125510999,0.00027398761545158944,0.010888167612034408,0.00024396793643849025,0.0083300338510483,0.00021350512513342365,0.006196640142131607,0.00018312169581704698,0.01088816761201761,6.48897920929202,0.1726134876704452,-12.863921718962885,0.17160970950916457,0.17245713086125378,0.17261348767047616,0.17199800917643737,0.17063299386937858
0.2,0.025,6,17.566443951200007,0.005477225575051661,3.1361200768196955e-05,7.980424036748029,0.00016120450486284952,7.980424036748029,0.2,stable,0.017362530174674384,0.00030363906526696097,0.013917594247569925,0.0002763877617321901,0.01087280481491839,0.0002477960635757312,0.008298277419476034,0.00021816846372474627,0.0061928140394373245,0.00018836564072086923,0.010872804814939779,7.837700618730304,0.17236993649824411,8.783221975600004,0.1760756436237338,0.1737826478485812,0.1723699364983716,0.17148421846618936,0.17119704692469756
0.2,0.0125,0,-2.716791146833598,0.0019364916731037084,2.4339008825555e-06,7.980424036748029,9.416927795041035e-06,7.980424036748029,0.1,stable,0.009723791127687549,0.00019137984021057374,0.00862687057387393,0.00018105024946803077,0.0076026221091428795,0.00017053684886715915,0.006656357798228628,0.00015986790677823153,0.005786893860755924,0.00014914467002250642,0.007602622109144827,10.397887174536267,0.1704505205733924,-1.358395573416799,0.17121767030550789,0.17082877678171177,0.17045052057339777,0.17006207639826182,0.16966032973160422
0.2,0.0125,1,4.991738699416222,0.0019364916731037084,3.254956442548292e-06,7.980424036748029,7.881658190577397e-06,7.980424036748029,0.1,stable,0.009961468843277352,0.00019656164317380874,0.00887154458630464,0.0001861608422892041,0.007851643566983545,0.00017558084319081743,0.0069085259107520254,0.00016482828012793845,0.0060394945058841925,0.00015400707560219478,0.007851643566986383,10.237781743767293,0.17603357290897856,2.495869349708111,0.17668625424682266,0.17634174242965284,0.17603357290898392,0.17574412240841655,0.17547354195649234
0.2,0.0125,2,47.90940527032201,0.0019364916731037084,6.3916090322563914e-06,7.980424036748029,1.1700242340125477e-05,7.980424036748029,0.1,stable,0.00976360196027111,0.0001939698587972276,0.00865716519936861,0.00018386654205939653,0.007629561382578551,0.00017352937431363902,0.006688089732419664,0.0001629608322846388,0.005820462666446671,0.00015237735999672265,0.007629561382584426,11.484288881030636,0.17105449813740936,23.954702635161006,0.1721740484806149,0.17151146740047635,0.1710544981374182,0.17077718914408865,0.1706828563740509
0.2,0.0125,3,-19.83609595750339,0.0019364916731037084,6.143520402565185e-07,7.980424036748029,6.452682144320313e-06,7.980424036748029,0.1,stable,0.009712438633916095,0.0001940821904783144,0.008622204406592237,0.00018382915115375034,0.007605703020535236,0.00017339723405093398,0.00666430516371227,0.00016285480799132062,0.005798102250846414,0.00015229064012828363,0.0076057030205356185,10.013803897667362,0.17051959449852924,-9.918047978751694,0.17086767739544753,0.17072362202777144,0.17051959449853335,0.17024118160943816,0.16988771608984266
0.2,0.0125,4,-2.3092406948965327,0.0019364916731037084,1.3468877153136703e-06,7.980424036748029,8.541741852334613e-06,7.980424036748029,0.1,stable,0.00998840882518854,0.00019797322030088124,0.008893182025379708,0.00018768748714149,0.00787066639814518,0.00017720349057916856,0.0069235356918418076,0.000166575134491359,0.006050403687734091,0.00015589590161303043,0.0078706663981464,10.05132279017199,0.17646006411523074,-1.1546203474482664,0.17720854463402494,0.17682919225667842,0.17646006411523557,0.17608227632116766,0.1756929643457609
0.2,0.0125,5,-63.93123836817583,0.0019364916731037084,2.8534617231154527e-06,7.980424036748029,1.8136289132889819e-06,7.980424036748029,0.1,stable,0.00979025053234356,0.00019455670383291282,0.008715626663037405,0.00018403820939136636,0.007710518230147042,0.0001733489398168462,0.006772110245759345,0.000162605558226103,0.005906128708685539,0.00015183090900035674,0.0077105182301444785,8.893393135052813,0.17286954781534264,-31.965619184087917,0.17255231100844665,0.172828820813666,0.17286954781534358,0.17267053267313678,0.17223089796281474
0.2,0.0125,6,72.60567722613936,0.0019364916731037084,8.895073292073257e-06,7.980424036748029,1.549773475753963e-05,7.980424036748029,0.1,stable,0.009847749969756077,0.00019631205836572526,0.008738229225956335,0.0001862798980013361,0.007699286288238792,0.0001761175128800007,0.006749880179622097,0.00016570632762254186,0.005883996991789075,0.00015518717816852634,0.007699286288246283,11.938243876126954,0.1726177280726035,36.30283861306968,0.17436541787563703,0.17333811315337344,0.17261772807261372,0.17216961428141134,0.17199314677892655
0.2,0.00625,0,-10.05115712769842,0.0013693063937629153,1.5362846268172753e-06,7.980424036748029,8.528155208141776e-06,7.980424036748029,0.1,stable,0.006877492699479609,0.00013580838423797286,0.006103540624479533,0.00012850742027779242,0.005381001726696766,0.00012107735800528376,0.004713281373617182,0.00011354134498661362,0.004099927542424302,0.0001059664621473372,0.005381001726697921,14.618278586285015,0.1706133682550904,-5.02557856384921,0.17126243432269342,0.1709378337344195,0.1706133682550956,0.17027005685613672,0.1699060644049545
0.2,0.00625,1,10.678605631136854,0.0013693063937629153,2.2848153594221227e-06,7.980424036748029,7.349653113491285e-06,7.980424036748029,0.1,stable,0.0070472708056409025,0.00013949141155865347,0.0062779878684743,0.00013214215115796402,0.005558161763770071,0.0001246680861285867,0.004892610648461503,0.00011707289920896664,0.004279635325654999,0.00010942714074419994,0.005558161763772026,14.473330503428784,0.1762305139429357,5.339302815568427,0.17679894842817362,0.17649653426742856,0.17623051394294112,0.17598451600399062,0.17575997662856432
0.2,0.00625,2,89.71132568245693,0.0013693063937629153,4.193971111705981e-06,7.980424036748029,1.0898840878792513e-05,7.980424036748029,0.1,stable,0.00690563691878992,0.00013764641637319352,0.006124596516530088,0.00013050988385667763,0.005399831613412006,0.00012320319255351359,0.004735561764099318,0.00011573779774483518,0.004123411866948214,0.0001082631883451116,0.0053998316134157825,16.132014344085846,0.17121040028740483,44.855662841228465,0.17219947899910262,0.1716088674020895,0.17121040028741344,0.17098014190835784,0.1709226752437851
0.2,0.00625,3,-39.097578082720375,0.0013693063937629153,3.81163786163932e-07,7.980424036748029,5.7904163809366035e-06,7.980424036748029,0.1,stable,0.0068700861816958945,0.00013773387001569037,0.006100572220695538,0.00013049073444483436,0.005383314012348671,0.00012312072531036426,0.004719141582846699,0.00011567347018068628,0.004108248544387889,0.00010820980316631287,0.005383314012348862,14.15620769176888,0.17068668301381332,-19.548789041360187,0.17093938993109228,0.17084323102085316,0.17068668301381745,0.17045682704786014,0.1701545277683425
0.2,0.00625,4,-6.955653537080263,0.0013693063937629153,7.697287693305815e-07,7.980424036748029,7.757599778012992e-06,7.980424036748029,0.1,stable,0.007066165042462929,0.00014051287884154728,0.006293077733420222,0.00013324704992128455,0.005571704026978296,0.00012583852608521136,0.004903437392046881,0.00011833068275409401,0.004287267553260762,0.00011078947902034886,0.005571704026979016,14.161885735369662,0.17665989331445342,-3.4778267685401314,0.17729891436880257,0.17697728597382734,0.17665989331445814,0.17632945880468806,0.175984437519081
0.2,0.00625,5,-124.19600403803236,0.0013693063937629153,1.908466723810081e-06,7.980424036748029,1.331063350810113e-06,7.980424036748029,0.1,stable,0.006926249356094377,0.00013806217755835603,0.006167917894799784,0.00013062798739144963,0.005458384651056154,0.00012307833510485946,0.004796169123898351,0.00011548935985401457,0.004185273730496216,0.00010787693236729228,0.005458384651054508,12.618057757971403,0.1730669191068628,-62.09800201901618,0.17268193756085054,0.17298939976988015,0.17306691910686392,0.17291157093627207,0.1725239076667331
0.2,0.00625,6,149.51710529155523,0.0013693063937629153,6.40103324313852e-06,7.980424036748029,1.4921335613574134e-05,7.980424036748029,0.1,stable,0.006966603089218657,0.00013934051942062197,0.006183461096187956,0.00013225312585024956,0.005450255979730319,0.00012507443027499906,0.004780555730281975,0.00011771854565600135,0.004169802303323006,0.00011028738601569387,0.005450255979735755,16.934631196692838,0.17280918642740647,74.75855264577761,0.17447388790901083,0.17348469149802642,0.17280918642741686,0.17241402592918764,0.17230031650791877
0.25,0.1,0,-1.3563346914702379,0.010954451150103323,1.2829483220372579e-05,7.980424036748029,0.0001211093163039367,7.980424036748029,0.2,stable,0.03438788880181934,0.0005910933622363953,0.027506836139133573,0.0005354629943326722,0.021463773910279656,0.0004763891888026016,0.01628737913973114,0.00041569378321712263,0.011976873065681428,0.00035528315534862163,0.021463773910288492,3.611114409458908,0.17013592209650052,-0.6781673457351189,0.1722258093741906,0.17112686709445882,0.17013592209658018,0.16898221693540724,0.16766048485520063
0.25,0.1,1,-1.390100932293682,0.010954451150103323,4.78973398764196e-06,7.980424036748029,0.00010099306353921752,7.980424036748029,0.2,stable,0.03501495231066852,0.0006056265131896356,0.0281634583645385,0.0005498587458415309,0.02215842035209142,0.0004903373474161221,0.016991892816814378,0.00042912594732590114,0.012656694012450188,0.00036803450842876637,0.022158420352091184,3.493793654879037,0.17564214450647136,-0.695050466146841,0.17728874451003493,0.17643614995417797,0.17564214450654317,0.1746813269467467,0.17356756394458173
0.25,0.1,2,2.48986717449383,0.010954451150103323,4.408407193665045e-05,7.980424036748029,0.00015034902082178083,7.980424036748029,0.2,stable,0.03453653817815909,0.0005974717484514004,0.027624089102061593,0.0005426976402426735,0.021545526256447074,0.0004847317424672387,0.016387331887957816,0.00042470440295619866,0.012102200097551884,0.0003650361326264864,0.02154552625648721,3.8348686540212746,0.17078394470713196,1.244933587246915,0.17399875809618615,0.1720754228141676,0.1707839447072456,0.1697912506608095,0.16914301825452355
0.25,0.1,3,-2.922586034359397,0.010954451150103323,2.2259100770403372e-05,7.980424036748029,9.514159738904909e-05,7.980424036748029,0.2,stable,0.03426752932763268,0.0005987368503296862,0.027468600309176437,0.0005428512125178407,0.02147101147651736,0.00048415114571528206,0.016316553254860772,0.0004242418443756519,0.012032260773213834,0.0003648177350563588,0.02147101147652178,3.5130442124368115,0.17019329178415593,-1.4612930171796985,0.17130366214415216,0.17081749957894535,0.17019329178422143,0.16921837366511297,0.16789850503230103
0.25,0.1,4,-0.9656236143821856,0.010954451150103323,1.6558458490598467e-05,7.980424036748029,0.00011260095037780227,7.980424036748029,0.2,stable,0.03508903368682403,0.000609139525445198,0.02823813774225294,0.000553582131309908,0.022207835146618955,0.0004946769000940356,0.017020454341147424,0.0004341957710475837,0.012705530956053292,0.00037359985788279314,0.022207835146616787,3.5121741257128756,0.17603383851456642,-0.4828118071910928,0.17818122689552637,0.17703958810886097,0.176033838514641,0.1749122140863975,0.1736715930612005
0.25,0.1,5,-6.57083562060958,0.010954451150103323,3.871578490185007e-05,7.980424036748029,4.702226985227845e-05,7.980424036748029,0.2,stable,0.034421495197637014,0.0006011950204952823,0.02768072785763688,0.0005443950928818098,0.021761026875721335,0.0004842409830780537,0.01661856066680207,0.00042317574624225346,0.012327984118266624,0.0003622585298511332,0.021761026875685784,3.238478221408842,0.1724921436806574,-3.28541781030479,0.17189140466030967,0.1725335442130931,0.17249214368068702,0.17166224287368964,0.17003761058040182
0.25,0.1,6,3.7210452356763266,0.010954451150103323,5.676718207542658e-05,7.980424036748029,0.0001664808806846976,7.980424036748029,0.2,stable,0.034767357274881255,0.0006036570840799145,0.027849910163125585,0.0005491344300981903,0.021737407058881622,0.0004918075576140726,0.016555822519541987,0.00043247338637543805,0.01232074422474993,0.0003727308367377224,0.021737407058914738,3.87882735321742,0.17230491755141963,1.8605226178381633,0.17631577463760978,0.17390168137443704,0.17230491755154073,0.1711546791564423,0.17048388735632064
0.25,0.05,0,-2.8457159154811875,0.007745966692414834,7.274346404915291e-06,7.980424036748029,0.00011051095150818282,7.980424036748029,0.2,stable,0.024311563096108036,0.0004202957918610999,0.019459693823076926,0.00038099494898737073,0.01520285303300212,0.0003392643128714099,0.011557081085364107,0.00029641498194208076,0.008519678452906677,0.0002537944775024599,0.015202853033007738,5.092240353453062,0.170423715428315,-1.4228579577405938,0.17212147275281922,0.17123468921381657,0.17042371542839396,0.1694419986877275,0.16830612555593902
0.25,0.05,1,-2.349208512108058,0.007745966692414834,5.082569978781393e-06,7.980424036748029,9.448783381739347e-05,7.980424036748029,0.2,stable,0.024762301002951546,0.0004306791597498843,0.01993166748076901,0.00039126909528253487,0.015699167991806384,0.0003492422712660903,0.012060657165480037,0.000306021816292169,0.009005553012800501,0.0002629185380768906,0.01569916799180831,4.949905521904901,0.1759873973976087,-1.174604256054029,0.1773427516205349,0.1766315108901404,0.17598739739768215,0.1752023313942045,0.17431295400469574
0.25,0.05,2,5.01712551356459,0.007745966692414834,3.096903521417846e-05,7.980424036748029,0.00014227732680651895,7.980424036748029,0.2,stable,0.024415325095029423,0.0004248569343188611,0.01954208155991427,0.0003861521990617558,0.015259462782745424,0.00034521669375791957,0.01162683771402047,0.00030284211877371406,0.008608559005093983,0.00026073583041226776,0.015259462782773925,5.416614236084604,0.17105830972868422,2.508562756782295,0.1739080045353562,0.1721772422361665,0.1710583097287979,0.17024040475178973,0.16979146951237017
0.25,0.05,3,-5.462681738415131,0.007745966692414834,1.4329618193792954e-05,7.980424036748029,8.741622059394607e-05,7.980424036748029,0.2,stable,0.024230779820203698,0.0004257614396589376,0.019435379136438436,0.0003863066833413669,0.015208820231243763,0.00034486562319499965,0.011579356984044243,0.0003025712521426993,0.008562102570786954,0.0002606324131119506,0.015208820231247703,4.975797149828566,0.17049060761576976,-2.7313408692075654,0.17128761648623161,0.1709564777588624,0.17049060761583698,0.16969697656823857,0.16860636764302694
0.25,0.05,4,-1.9468615417478756,0.007745966692414834,1.0999182048215584e-05,7.980424036748029,0.00010361627340400571,7.980424036748029,0.2,stable,0.024813059299913436,0.00043327300019499053,0.01998374497620621,0.0003940121529993781,0.015734778584514386,0.0003524142313513043,0.012080554335476073,0.0003097258927519141,0.00904101506563945,0.0002669709732368806,0.015734778584512724,4.95618452216789,0.17638659151624572,-0.9734307708739378,0.17818087933865592,0.1772265960829475,0.17638659151632008,0.17542977525689113,0.17437284749198553
0.25,0.05,5,-12.953288974809384,0.007745966692414834,2.6179336005588232e-05,7.980424036748029,3.893313833114784e-05,7.980424036748029,0.2,stable,0.02434175775250229,0.0004274920139177917,0.01959014187246141,0.0003873488769703715,0.015418235344088373,0.0003448683472644039,0.011795667092003314,0.0003017591796405509,0.008772480956746844,0.000258766598189129,0.015418235344064246,4.577818969868717,0.17283814735164213,-6.476644487404692,0.17192432480865005,0.17272697731478198,0.1728381473516724,0.1721721200499534,0.1707441239196131
0.25,0.05,6,8.14920361627982,0.007745966692414834,4.229515816265398e-05,7.980424036748029,0.00016041036601460737,7.980424036748029,0.2,stable,0.024582739559191453,0.0004293946047193839,0.01970801422273422,0.00039084489741087375,0.015399583668675202,0.00035037767567755045,0.011751960303595278,0.00030847713799948205,0.008768580268175554,0.0002663140425581694,0.015399583668702522,5.506726573917245,0.17262906239840126,4.07460180813991,0.1763634908087401,0.17407495679249935,0.17262906239852527,0.17167212022103312,0.17126381817656627
0.25,0.025,0,-6.086620827406061,0.005477225575051661,3.709250954850705e-06,7.980424036748029,0.00010203576317451655,7.980424036748029,0.2,stable,0.017186184028144983,0.00029853546831860883,0.01376301006746538,0.0002707755792047064,0.01076282988409093,0.00024129063914364512,0.008193481451557485,0.00021103555136168267,0.006052252043457253,0.00018095782305232083,0.010762829884094095,7.180529180472913,0.17062646991640143,-3.0433104137030305,0.17198064515380587,0.17128207687334943,0.17062646991647945,0.16978826433447608,0.16880179953140131
0.25,0.025,1,-4.280005553512527,0.005477225575051661,4.510680453129122e-06,7.980424036748029,8.955520603386027e-05,7.980424036748029,0.2,stable,0.017509130744507762,0.0003059421308874699,0.014101342326399001,0.000278095325454574,0.01111684697722139,0.00024841341322950607,0.008552531078272353,0.0002178947333027512,0.006398801060372561,0.0001874731648682561,0.011116846977223337,7.002990837013548,0.1762388123524783,-2.1400027767562637,0.17733175620306116,0.17675312334963983,0.17623881235255245,0.17559610118856395,0.1748793855989243
0.25,0.025,2,9.999605566395074,0.005477225575051661,2.152312524468787e-05,7.980424036748029,0.00013613652571867123,7.980424036748029,0.2,stable,0.01725854868006601,0.00030179041904162694,0.013821048850865925,0.00027444179206757087,0.010802065042710222,0.0002455285651674709,0.008242142519871747,0.00021561077857437167,0.006115352414940373,0.00018588759084123851,0.010802065042730163,7.651021420627597,0.17124847701735893,4.999802783197537,0.1737856595201152,0.17222109033959454,0.1712484770174724,0.17057585186188948,0.17028935798463174
0.25,0.025,3,-10.393576758652285,0.005477225575051661,9.336899073698301e-06,7.980424036748029,8.207561735834944e-05,7.980424036748029,0.2,stable,0.01713132860530171,0.00030243740453828196,0.013747548698509209,0.0002745778973097774,0.010767546342165077,0.000245314385368945,0.008210194479408543,0.00021545080037877533,0.006084420620514097,0.00018584230921186138,0.010767546342168059,7.044174892928286,0.17070124138454143,-5.196788379326143,0.17122695656010434,0.17103189094117785,0.17070124138460968,0.17005878452500964,0.1691557781475462
0.25,0.025,4,-3.939126027063661,0.005477225575051661,7.471210809444497e-06,7.980424036748029,9.682724606443155e-05,7.980424036748029,0.2,stable,0.017543890578648885,0.0003078467159709238,0.014137938978194974,0.0002801004321244546,0.01114233983708685,0.00025072148674361034,0.008566582223553727,0.00022058596687305935,0.006424415775384856,0.00019041080028838926,0.011142339837085569,6.997358793001717,0.17664295854202242,-1.9695630135318305,0.1781418761844233,0.17734451358302983,0.17664295854209658,0.17582322972005568,0.17491833565577253
0.25,0.025,5,-25.53900652614235,0.005477225575051661,1.7839240005641002e-05,7.980424036748029,3.460322135974419e-05,7.980424036748029,0.2,stable,0.01721127743339552,0.00030365574284358374,0.013859772844642675,0.0002752882493309616,0.010918013210111958,0.0002452848277925181,0.008364750047502464,0.00021484497403412363,0.006233742717480079,0.000184493931074997,0.010918013210095456,6.474941199784547,0.1730866391647464,-12.769503263071176,0.17191198909930375,0.17284749309631225,0.17308663916477737,0.17255961503733472,0.17129978479666572
0.25,0.025,6,17.435228627092155,0.005477225575051661,3.125865143937042e-05,7.980424036748029,0.00015609164735300377,7.980424036748029,0.2,stable,0.01737932595633879,0.00030510414378731886,0.013942123186112956,0.000277849911405968,0.010903825170731081,0.0002492770905601028,0.008334309633286737,0.00021968336767137466,0.006231957843261684,0.00018991679293747316,0.010903825170752529,7.813041297532394,0.17286171179014173,8.717614313546077,0.17635923478583104,0.1741792976914105,0.17286171179026807,0.1720671827474343,0.1718775785475362
0.25,0.0125,0,-7.41398719524683,0.0019364916731037084,1.9001402777252338e-06,7.980424036748029,8.31133125262935e-06,7.980424036748029,0.1,stable,0.00973240968185934,0.00019226349086992695,0.008638265786247656,0.0001819376175216941,0.007616932158852373,0.00017142763406691904,0.006672653833694067,0.00016077227875244064,0.005805250945180945,0.00015006173118410792,0.007616932158853699,10.274040297558003,0.17077135138509061,-3.706993597623415,0.17139047249654527,0.171085571629217,0.17077135138509558,0.17042932868897218,0.17005756264719307
0.25,0.0125,1,5.425276511397385,0.0019364916731037084,3.3090432950464776e-06,7.980424036748029,7.319484187478113e-06,7.980424036748029,0.1,stable,0.009974328252781611,0.00019747200469395968,0.00888672923077863,0.00018707636831023493,0.007868829561576057,0.0001765065914200103,0.006927619760337093,0.00016576531021723,0.006060674639279471,0.00015495287335573938,0.00786882956157888,10.225315726978545,0.17641888230392258,2.7126382556986925,0.17698541236785312,0.17668382457674386,0.17641888230392794,0.1761742848180085,0.17595150194932713
0.25,0.0125,2,43.53084422651097,0.0019364916731037084,5.589378349847582e-06,7.980424036748029,1.0807578221876665e-05,7.980424036748029,0.1,stable,0.009773273364217168,0.00019486601793175488,0.008668975078906634,0.000184772877625993,0.007644092543442207,0.0001744409210965563,0.006704465271230121,0.00016388747090421678,0.005839043111317651,0.00015331533795792134,0.007644092543447272,11.367368430949934,0.171380286253411,21.765422113255486,0.17236191456228425,0.1717775959908996,0.17138028625341944,0.17114621718175516,0.1710797583210026
0.25,0.0125,3,-18.142334623484295,0.0019364916731037084,7.042320590664916e-07,7.980424036748029,5.783192615398938e-06,7.980424036748029,0.1,stable,0.009722458310676736,0.00019497814960062643,0.00863460556993134,0.00018473267997736088,0.007620415710676182,0.00017430979549757457,0.006681459986147157,0.00016377496243770217,0.005817634102303884,0.000153218375860195,0.007620415710676688,10.031217963215914,0.17084945249457026,-9.071167311742148,0.17110156599964652,0.17100308788584573,0.17084945249457448,0.17062778334844836,0.1703392733075644
0.25,0.0125,4,-4.585034084868211,0.0019364916731037084,9.783954164471581e-07,7.980424036748029,7.67971744481999e-06,7.980424036748029,0.1,stable,0.010000089583433066,0.00019892984480833175,0.00890720499276605,0.00018865296281198764,0.007887193279058935,0.00017817708136209847,0.006942029047802856,0.0001675627749008244,0.006070770374826093,0.00015689848357900154,0.007887193279059809,9.979664326339368,0.1768305962046473,-2.2925170424341057,0.17745949468316138,0.17714509581100518,0.176830596204652,0.176498902720462,0.17614836771105802
0.25,0.0125,5,-63.17705108571296,0.0019364916731037084,2.862844591269005e-06,7.980424036748029,1.220870015035147e-06,7.980424036748029,0.1,stable,0.009803598998708049,0.00019546422527263744,0.008731315026976471,0.00018495085542667242,0.007728171523912809,0.00017427222137885955,0.00679167735737807,0.00016353999337544392,0.005927729446630345,0.00015277399985845217,0.007728171523910293,8.886578205195063,0.17326533404133412,-31.58852554285648,0.1728650723789055,0.17318232052954122,0.17326533404133515,0.17311143361155373,0.17272114264718627
0.25,0.0125,6,72.25043161688598,0.0019364916731037084,8.818510682541716e-06,7.980424036748029,1.4712069402128068e-05,7.980424036748029,0.1,stable,0.009861138593562236,0.0001973320982403344,0.008754124633847582,0.0001873073313604077,0.007717604312252366,0.00017715382149892112,0.006770378300668496,0.00016675478900956284,0.005906499718202029,0.00015624914160192814,0.007717604312259789,11.905907997563336,0.1730284175273934,36.12521580844299,0.17466794167777774,0.17369626753978867,0.17302841752740358,0.1726315066335413,0.17250642998117333
0.25,0.00625,0,-22.646555287996097,0.0013693063937629153,1.0494821878121015e-06,7.980424036748029,7.340571511495526e-06,7.980424036748029,0.1,stable,0.006881536106445344,0.00013641420395534525,0.006109499635058648,0.0001291176404319897,0.0053891886078978445,0.00012168948415607888,0.004722870995219699,0.00011416480955753048,0.004111149603165236,0.00010659901349420316,0.005389188607898343,14.398243861509908,0.17087294657304206,-11.323277643998049,0.1713564772572447,0.17112774514748205,0.17087294657304675,0.1705756857074278,0.17023519000626122
0.25,0.00625,1,12.98904003326784,0.0013693063937629153,2.3629195234120032e-06,7.980424036748029,6.84945148753361e-06,7.980424036748029,0.1,stable,0.007054181214547961,0.0001401164430605566,0.006286506241689706,0.0001327726810336013,0.005568173112062736,0.0001253065737690409,0.004904154618275362,0.00011771926357943755,0.004292665185562207,0.0001100817333091998,0.005568173112064764,14.48390288840111,0.17654793994273132,6.49452001663392,0.17702729286447177,0.17676792475140188,0.17654793994273674,0.17635230958411247,0.1761839846866014
0.25,0.00625,2,78.14175804339102,0.0013693063937629153,3.5104367907611185e-06,7.980424036748029,9.921411177672675e-06,7.980424036748029,0.1,stable,0.0069101834408508665,0.00013826127140465798,0.006130652515239248,0.00013113330743197982,0.005408052493425048,0.00012382910564891632,0.004745183053994094,0.00011637515997665358,0.004134710873513724,0.00010890934450140045,0.005408052493428088,15.928155298964237,0.17147105659271017,39.07087902169551,0.17230063953241387,0.17180186205229583,0.17147105659271833,0.17128676692943975,0.17125463242796507
0.25,0.00625,3,-40.091721674710314,0.0013693063937629153,3.1409816115529575e-07,7.980424036748029,5.077028766220027e-06,7.980424036748029,0.1,stable,0.006875091201048108,0.00013834803642480281,0.00610721204563644,0.00013111218733763235,0.005391791183597636,0.00012374778059343262,0.0047293106085143375,0.0001163081065144119,0.004120281173066963,0.00010885000414308428,0.0053917911835976275,14.117409854810052,0.17095546544754703,-20.045860837355157,0.17109010779790693,0.17105484079366684,0.1709554654475512,0.17078091812327903,0.1705337438274382
0.25,0.00625,4,-12.395247554340056,0.0013693063937629153,5.16186732776045e-07,7.980424036748029,6.909662453401245e-06,7.980424036748029,0.1,stable,0.007072251414075755,0.00014117274710545181,0.006301042296128134,0.00013391175399183003,0.005581472437513859,0.00012651008805821597,0.004914595940817505,0.0001190138561388604,0.004299942581128433,0.00011148312595975789,0.005581472437514314,14.0515631776265,0.17696961657948385,-6.197623777170028,0.1774846401757576,0.1772310258796928,0.17696961657948831,0.17668496619010152,0.1763767064262475
0.25,0.00625,5,-121.9585266540422,0.0013693063937629153,1.884806622684187e-06,7.980424036748029,1.176241839912466e-06,7.980424036748029,0.1,stable,0.006933497004863215,0.0001386830903097824,0.006176753651347078,0.00013125464916877494,0.0054686843171644585,0.00012371323638428702,0.004807961505013409,0.00011613246074112564,0.004198585243776454,0.00010852729061599295,0.00546868431716286,12.625739210119352,0.17339348668961052,-60.9792633270211,0.17292134984628882,0.173270957217684,0.1733934866896116,0.17328734392405853,0.17295462076487317
0.25,0.00625,6,150.5556124288468,0.0013693063937629153,6.4432557229877276e-06,7.980424036748029,1.4224190050712245e-05,7.980424036748029,0.1,stable,0.006973811706237271,0.00014003798259767234,0.006192510118334432,0.00013295618203786242,0.005460988446704598,0.00012578559503092097,0.0047929254861439055,0.00011843888344374934,0.004183797046567692,0.00011101698789254237,0.005460988446710059,16.922322945960108,0.17314947666204586,75.2778062144234,0.1747105752862113,0.1737730365235421,0.1731494766620562,0.17280820857383317,0.17275198250297358
0.3,0.1,0,-1.5276999528496324,0.010954451150103323,9.341487522378986e-06,7.980424036748029,0.00011482655092354808,7.980424036748029,0.2,stable,0.03441028048003835,0.0005931572170416983,0.027537803502083055,0.0005375635991753262,0.02150680598467882,0.0004785027882400161,0.016338165803128614,0.0004178622175307564,0.012032539669299843,0.00035751552229809327,0.021506805984684883,3.5931555659576127,0.1704770224867581,-0.7638499764248162,0.17235122010985876,0.17137740837250928,0.17047702248683583,0.16939331260651028,0.1681285592392004
0.3,0.1,1,-1.3036837361868319,0.010954451150103323,6.459106161726657e-06,7.980424036748029,9.766513387360684e-05,7.980424036748029,0.2,stable,0.03504711531470741,0.0006077897822318927,0.028206073503270916,0.0005520184142756282,0.022209849274768125,0.0004925260287081165,0.01705143692315078,0.00043134579277928354,0.012718206312031246,0.00037032817595435087,0.022209849274769808,3.4908828203280016,0.1760498038127484,-0.6518418680934159,0.17757192453161746,0.17678050639383894,0.1760498038128205,0.17516265918317192,0.174142201848989
0.3,0.1,2,2.4447584182786284,0.010954451150103323,4.385570741879358e-05,7.980424036748029,0.00014580989680848002,7.980424036748029,0.2,stable,0.034560085422260634,0.000599636746235272,0.02765987357999547,0.0005448490010702394,0.021591795373532258,0.00048690654314882356,0.016441534544432288,0.0004269294067769881,0.012161395056451002,0.0003673104638593197,0.021591795373572264,3.824239071681603,0.17115070401669158,1.2223792091393142,0.17419393840919578,0.17236487054523,0.17115070401680424,0.17022990849812236,0.16965652915791724
0.3,0.1,3,-2.7500214574276125,0.010954451150103323,2.157450615177625e-05,7.980424036748029,9.168084093901951e-05,7.980424036748029,0.2,stable,0.03429373930144915,0.0006008531987378204,0.027504320420830557,0.0005449908256384491,0.021515988805527707,0.00048632783593822987,0.016371499001135655,0.0004264396685151027,0.012093197045641027,0.0003670447153773568,0.021515988805533827,3.5160075453598676,0.1705498115358483,-1.3750107287138063,0.17153739283226752,0.17110651303020585,0.17054981153591509,0.16966310746646662,0.16846475975023176
0.3,0.1,4,-0.9964457017123841,0.010954451150103323,1.632903737474059e-05,7.980424036748029,0.00010798893447020966,7.980424036748029,0.2,stable,0.03511717246136262,0.0006114092407789634,0.028276974208361203,0.0005558635645217837,0.022256836256426674,0.0004969911200741527,0.017077281723560434,0.00043656533345736527,0.012768509764342649,0.00037602409166205764,0.02225683625642377,3.5024309128328004,0.17642225338678902,-0.49822285085619206,0.17840633252256688,0.17735337055053552,0.17642225338686301,0.1753715627386899,0.17420632433986138
0.3,0.1,5,-6.470821139934495,0.010954451150103323,3.6961057785290334e-05,7.980424036748029,4.357048966794848e-05,7.980424036748029,0.2,stable,0.03445638071723269,0.0006033563337303056,0.027725753409290052,0.0005465617678991793,0.021814425710866496,0.0004864406630330472,0.016679678555024047,0.00042540903275147896,0.0123922627745308,0.0003645433197580391,0.02181442571083246,3.2357522613205427,0.17291541780265118,-3.2354105699672475,0.1722008486202816,0.17289769745079556,0.1729154178026814,0.1721566396176545,0.17062468097451713
0.3,0.1,6,3.703694669352602,0.010954451150103323,5.6661073593533284e-05,7.980424036748029,0.00016174636441878757,7.980424036748029,0.2,stable,0.034798532136644106,0.0006061138731956523,0.027894061625782157,0.0005515812690196816,0.0217921800419374,0.0004942818726125877,0.016618772729365665,0.0004349988870737748,0.012388166811620145,0.0003753140536863829,0.021792180041970862,3.8686427964145462,0.17273908406925573,1.851847334676301,0.17658192542864246,0.17425865310220764,0.17273908406937602,0.17166395839638676,0.17107501015494628
0.3,0.05,0,-3.197799037275732,0.007745966692414834,4.535538852226085e-06,7.980424036748029,0.00010378927196775559,7.980424036748029,0.2,stable,0.02431871389966903,0.0004217902674895441,0.019473579495599278,0.0003825255729206776,0.015226734698937289,0.00034080859032927316,0.011588133092347993,0.0002980055977588164,0.008555830002037773,0.00025544214334510796,0.015226734698940854,5.068693250487149,0.17069142848389293,-1.598899518637866,0.17213440688331005,0.17139356237946704,0.17069142848397006,0.16979742664592892,0.16873791207448316
0.3,0.05,1,-2.2664918023119274,0.007745966692414834,6.326104534956022e-06,7.980424036748029,9.08684241317606e-05,7.980424036748029,0.2,stable,0.024776294587181006,0.00043224595611602716,0.019953441608876476,0.0003928478754072862,0.015728683068496476,0.00035084714680501383,0.012097213863353558,0.0003076622727528941,0.009045729521207253,0.00026461904687917536,0.015728683068499026,4.944077793557578,0.17631826088881428,-1.1332459011559637,0.1775040654796687,0.17688033137042672,0.17631826088888772,0.17562020089891697,0.17483325331726438
0.3,0.05,2,4.9547324187537365,0.007745966692414834,3.0796274225435424e-05,7.980424036748029,0.00013780857178389067,7.980424036748029,0.2,stable,0.024422672470197755,0.00042641723404297294,0.019558785533969628,0.0003877123542725317,0.015284762676723577,0.00034680342362076495,0.011659379218539071,0.0003044737049829899,0.00864675320966089,0.0002624107088077378,0.01528476267675197,5.405328324568646,0.17134192109573038,2.4773662093768682,0.17398996352670545,0.17236831768902838,0.17134192109584337,0.17061280844733287,0.17025954623134434
0.3,0.05,3,-5.168534788676869,0.007745966692414834,1.3762631723280391e-05,7.980424036748029,8.403993082151348e-05,7.980424036748029,0.2,stable,0.024240642967177775,0.0004272926620252789,0.01945257941546851,0.0003878650170828228,0.015233962554882524,0.00034645720066554234,0.01161295365712525,0.0003041901814447496,0.008601962111291531,0.0002622816544925622,0.015233962554887244,4.9800663567489005,0.17077245262208762,-2.5842673943384344,0.17140647344429766,0.17115328725815177,0.1707724526221559,0.1700815058985671,0.1691253978492475
0.3,0.05,4,-2.0351135542570584,0.007745966692414834,1.0936591119171366e-05,7.980424036748029,9.873832649724823e-05,7.980424036748029,0.2,stable,0.024824383098467274,0.00043492558555936924,0.02000367402796041,0.00039567842044390344,0.01576311152313485,0.00035411201438499283,0.012115743761549013,0.00031147396546266835,0.009082253832669114,0.00026876885951088733,0.015763111523132558,4.943289527073911,0.1767042032604442,-1.0175567771285292,0.17830150680331955,0.17745430345639276,0.17670420326051792,0.17583199625109364,0.1748640125874745
0.3,0.05,5,-12.813299269958383,0.007745966692414834,2.5480704853285432e-05,7.980424036748029,3.5878291442158524e-05,7.980424036748029,0.2,stable,0.024357227441765217,0.0004290499085212994,0.01961327898606444,0.0003889230380957709,0.015448817135268748,0.00034647065141196585,0.011833207881070213,0.000303395840168631,0.008814491718472508,0.0002604463076147377,0.015448817135245142,4.573771639094533,0.17318096869354296,-6.406649634979192,0.1721091949503116,0.1729916047033911,0.17318096869357366,0.17260153472743633,0.17127971992482313
0.3,0.05,6,8.175085760363237,0.007745966692414834,4.2365244880718864e-05,7.980424036748029,0.00015580600015696201,7.980424036748029,0.2,stable,0.024595308376013085,0.00043115814611885243,0.019730566406079657,0.00039260864036549947,0.015430819728444923,0.0003521692005233856,0.011790772264911924,0.0003103115098430904,0.008812712487793426,0.00026819477037274013,0.015430819728472643,5.497493449925926,0.17297921807969446,4.087542880181618,0.17651799770375937,0.17433281449194202,0.1729792180798181,0.17211612681282265,0.1718145396634736
0.3,0.025,0,-4.450775039575062,0.0027386127875258306,2.4506857329159666e-06,7.980424036748029,8.364771198388952e-06,7.980424036748029,0.1,stable,0.01376847277651087,0.0002718450338596986,0.012220657342999562,0.00025723950684816157,0.01077594409208269,0.00024237104720101598,0.009439812664764102,0.00022730042582478458,0.008212316328464997,0.00021215236647098614,0.010775944092084317,7.238788239452531,0.1708343735105311,-2.225387519787531,0.17145912991050186,0.17115416605400796,0.17083437351053596,0.17048120015424786,0.17009226573006284
0.3,0.025,1,2.618091710641089,0.0027386127875258306,4.704225299037623e-06,7.980424036748029,7.420354165400846e-06,7.980424036748029,0.1,stable,0.01411208166908335,0.0002792006528173657,0.01257349394046383,0.00026449473773809755,0.01113338037881169,0.00024954254353725227,0.009801628440328933,0.00023434742177059397,0.008574648293688288,0.00021905387816741913,0.01113338037881573,7.224108210216935,0.17650092147996072,1.3090458553205444,0.1770864551452451,0.17677559416645122,0.1765009214799661,0.17624588448128944,0.17601163189380778
0.3,0.025,2,21.050647985297836,0.0027386127875258306,7.408741929606917e-06,7.980424036748029,1.0872837918118295e-05,7.980424036748029,0.1,stable,0.013828037430176002,0.0002755291035234293,0.012265750136295099,0.0002612520902518971,0.0108156252004433,0.0002466381497954562,0.009485679649052867,0.00023171482121019967,0.008261416083245723,0.0002167566454380528,0.010815625200450055,8.011958962294335,0.17146345039046837,10.525323992648918,0.17246383323206427,0.17187269057979326,0.17146345039047675,0.17121209006101662,0.17112235225969133
0.3,0.025,3,-8.47248742543907,0.0027386127875258306,1.3120821276550137e-06,7.980424036748029,5.954272288718579e-06,7.980424036748029,0.1,stable,0.01375505620613312,0.0002756684946928748,0.01221632029842652,0.0002611726718017317,0.01078137060728111,0.00024642911169064154,0.00945305396172903,0.00023152333436700915,0.008230660881632443,0.00021658929291105755,0.010781370607282176,7.108869705938337,0.17092040173378983,-4.236243712719535,0.1711994398164312,0.1710850564286532,0.1709204017337942,0.1706922033832271,0.17040151568018969
0.3,0.025,4,-2.7378024118273148,0.0027386127875258306,1.3211202530836803e-06,7.980424036748029,7.816427987710862e-06,7.980424036748029,0.1,stable,0.014147557819597686,0.0002812701777288084,0.012601653426339383,0.0002667318302748636,0.011158460927932878,0.00025191536602026246,0.009820868128319848,0.00023690476259098411,0.008588252627255558,0.00022181831320355262,0.01115846092793393,7.039979919284958,0.17689853117979798,-1.3689012059136574,0.177546599699305,0.17722415775180939,0.1768985311798026,0.17655237108968877,0.1761835564853253
0.3,0.025,5,-32.049738467235684,0.0027386127875258306,4.243176387425845e-06,7.980424036748029,1.2759571745292893e-06,7.980424036748029,0.1,stable,0.01387140447655674,0.0002763837587229817,0.012354298239324992,0.00026151351424806785,0.010935190646753867,0.00024640599272675464,0.009610063429355272,0.00023122431452552954,0.008387511715998169,0.00021599434353402664,0.01093519064675008,6.265358345842215,0.17335895837916113,-16.024869233617842,0.1729706367658932,0.1732835589799864,0.17335895837916207,0.17319398473982986,0.17278876674409027
0.3,0.025,6,34.51238371363408,0.0027386127875258306,1.2071997872433172e-05,7.980424036748029,1.4683110211409221e-05,7.980424036748029,0.1,stable,0.013953214614221117,0.0002790740425297159,0.012387556729638411,0.00026489046604186975,0.010921363396119507,0.0002505256345618058,0.00958062208334371,0.0002358216193109386,0.008358030936226352,0.00022096369455468473,0.010921363396129494,8.363468046883673,0.1731397506998105,17.25619185681704,0.17477882128743513,0.17381344852803055,0.17313975069982043,0.17272489574942307,0.17256904148475335
0.3,0.0125,0,-12.387649634216885,0.0019364916731037084,1.4224060634037145e-06,7.980424036748029,7.250756808186849e-06,7.980424036748029,0.1,stable,0.009733998840178625,0.0001929901435662102,0.008642386943954698,0.00018267021219563675,0.007623911214303235,0.00017216417032846234,0.006681591501302513,0.00016152360621647354,0.00581642615387828,0.00015082554413751678,0.007623911214303841,10.154135553109327,0.1709278215630781,-6.1938248171084425,0.1713988011751254,0.17117844229590065,0.17092782156308275,0.17063074714411808,0.17028638721500064
0.3,0.0125,1,6.323317603168438,0.0019364916731037084,3.318425071663753e-06,7.980424036748029,6.827576152728844e-06,7.980424036748029,0.1,stable,0.00997942342124507,0.00019822382367703495,0.008893785681424607,0.00018783804473321554,0.007877958558958186,0.00017727864209985715,0.006938883067412469,0.00016654800137098916,0.006073935839515622,0.00015574790928269203,0.007877958558961055,10.233550787900475,0.176623554104489,3.161658801584219,0.1771007223443116,0.17684279127928804,0.17662355410449435,0.17642802937069113,0.17625915564227657
0.3,0.0125,2,37.64523158243162,0.0019364916731037084,4.629851168379105e-06,7.980424036748029,9.837468322138052e-06,7.980424036748029,0.1,stable,0.00977549772887658,0.0001956054754199842,0.008673054915856376,0.00018552572570057623,0.007651209803408558,0.00017519563532888526,0.006713568056687785,0.00016465675608217924,0.005850425203077609,0.0001540967803125652,0.007651209803412549,11.227115428148364,0.1715398549717722,18.82261579121581,0.17236169760285497,0.1718695317076619,0.17153985497178026,0.17135134785430073,0.17130942848160657
0.3,0.0125,3,-19.335815278105308,0.0019364916731037084,5.121355022306233e-07,7.980424036748029,5.103274552944643e-06,7.980424036748029,0.1,stable,0.009725416131051762,0.00019571850288520952,0.008639695899335992,0.0001854833284177649,0.007627947284807349,0.0001750684145125635,0.006691156995130052,0.00016454562009682436,0.005829906254745045,0.00015399696426229254,0.00762794728480747,9.99444331344838,0.17101831012196503,-9.667907639052654,0.1711558761371726,0.17111779941727848,0.17101831012196922,0.17084631151935048,0.17060446436080462
0.3,0.0125,4,-7.413842506200285,0.0019364916731037084,6.129710600881755e-07,7.980424036748029,6.86118468399464e-06,7.980424036748029,0.1,stable,0.010004389907727547,0.00019972879251727997,0.00891390082423795,0.00018945944683600798,0.00789634082812028,0.0001789922740191718,0.0069530698915931215,0.00016839352699326977,0.006083917300925679,0.00015774319266773911,0.00789634082812074,9.905207945156802,0.17703568393319996,-3.7069212531001425,0.1775437164481449,0.17729593480519704,0.17703568393320437,0.1767476311517958,0.17643123962762405
0.3,0.0125,5,-61.097760005271304,0.0019364916731037084,2.668309228422319e-06,7.980424036748029,1.165006581862607e-06,7.980424036748029,0.1,stable,0.009809199909841233,0.0001962068429796788,0.008738982999967249,0.0001857017188179202,0.007737668588698798,0.00017503588138394633,0.006803254884076008,0.00016431449457122215,0.005941362579996685,0.00015355916824200854,0.007737668588696511,8.920094220637461,0.1734782579001673,-30.548880002635652,0.1730043826738119,0.1733550973113902,0.1734782579001684,0.1733723018889225,0.17303931365655437
0.3,0.0125,6,73.34896537563087,0.0019364916731037084,8.956535310345456e-06,7.980424036748029,1.4108232510434779e-05,7.980424036748029,0.1,stable,0.009866342280333867,0.00019816020090260462,0.008761739317426302,0.00018814284151509762,0.007727371611165499,0.0001780012476925556,0.0067823835592122775,0.00016761426758453893,0.0059208938636860844,0.00015711936878052757,0.007727371611173006,11.91728723701666,0.17324740002585945,36.674482687815434,0.17479478283694147,0.1738678385336025,0.17324740002586964,0.17290202013825479,0.17283420611665437
0.3,0.00625,0,-30.1876776826349,0.0013693063937629153,9.399960090936265e-07,7.980424036748029,6.402459491687979e-06,7.980424036748029,0.1,stable,0.006881544107955163,0.00013689794242275637,0.006111197613886815,0.00012960646443143067,0.0053927746366498625,0.0001221823810261238,0.004727864619714961,0.00011466788148397604,0.004117842929195037,0.00010710984596035493,0.005392774636649927,14.270122747145107,0.17098664741817146,-15.09383884131745,0.17133477821778925,0.17118185869489094,0.17098664741817593,0.17073483424578828,0.17042684022262253
0.3,0.00625,1,15.68098527238792,0.0013693063937629153,2.3658313195232174e-06,7.980424036748029,6.468997583012101e-06,7.980424036748029,0.1,stable,0.007056503047494003,0.000140617173606415,0.0062900782019133334,0.0001332819785350669,0.005573197467863183,0.00012582335767320017,0.004910741574518326,0.0001182431572355733,0.004300669867059814,0.00011061468626857983,0.005573197467865259,14.513290852536079,0.17670724527470721,7.84049263619396,0.1770993573645535,0.1768817241635524,0.17670724527471265,0.17656216823323687,0.17645097738546342
0.3,0.00625,2,68.4164161398126,0.0013693063937629153,2.9701250408639045e-06,7.980424036748029,9.087487992059267e-06,7.980424036748029,0.1,stable,0.006910410608202,0.00013875378680701362,0.006132175700117109,0.00013163529934935497,0.0054116456897125575,0.00012433316666265236,0.0047502375030634295,0.00011688893910823385,0.004141462647697148,0.0001094310487601933,0.005411645689714928,15.765819665589591,0.17158498469614494,34.2082080699063,0.17226325162990602,0.1718504030848884,0.1715849846961527,0.17144784708764818,0.17144578831717097
0.3,0.00625,3,-42.085539715190606,0.0013693063937629153,4.4979421876397423e-07,7.980424036748029,4.549541716887973e-06,7.980424036748029,0.1,stable,0.006875881508028308,0.00013884200695358002,0.00610954170683428,0.00013161282214011304,0.005395789303231576,0.00012425459953468846,0.0047348189390508146,0.00011682374998209954,0.0041276173709780106,0.00010937140853906509,0.005395789303231337,14.075210512770528,0.17108223230101421,-21.042769857595303,0.17110638502300862,0.1711290859514045,0.17108223230101824,0.17095646826365005,0.17075578889910653
0.3,0.00625,4,-17.777027296515836,0.0013693063937629153,2.742158806713436e-07,7.980424036748029,6.141093454627084e-06,7.980424036748029,0.1,stable,0.007073986669069008,0.00014170718442343836,0.006304420385342171,0.00013445184519944714,0.005586572186501675,0.0001270562656812843,0.004921051873480539,0.00011957083635498204,0.0043079235911902105,0.00011204970353493533,0.005586572186501837,13.954102884989,0.17713131237446947,-8.888513648257918,0.17752635885922027,0.17733864606148164,0.17713131237447385,0.17689064676126773,0.17661740593277123
0.3,0.00625,5,-115.16408501909525,0.0013693063937629153,1.661902149687924e-06,7.980424036748029,1.7018949314331886e-06,7.980424036748029,0.1,stable,0.006936080108428131,0.00013917665889370451,0.0061808010941074975,0.00013175394021320828,0.005473881862078992,0.00012422326384737864,0.004814657201273828,0.0001166500201269135,0.004206783214547943,0.00010905219692830839,0.005473881862077696,12.718552327603721,0.17355828326274225,-57.58204250954763,0.17302633452442207,0.1733999302315853,0.1735582832627436,0.1735007036344858,0.17323093382657379
0.3,0.00625,6,152.68388695019695,0.0013693063937629153,6.5321976453514794e-06,7.980424036748029,1.3678909493472296e-05,7.980424036748029,0.1,stable,0.006976034867754281,0.00014058866660971518,0.006196401383210906,0.00013351216946593544,0.005466387770252583,0.00012635004237764554,0.004799904264984909,0.000119011799729153,0.004192495156090661,0.00011159725020918492,0.005466387770258093,16.941362044976554,0.17332067095329798,76.34194347509847,0.1747899467006069,0.17389702932788242,0.17332067095330844,0.1730305948667245,0.1730311466005431
0.35,0.1,0,-1.6629764512186989,0.010954451150103323,6.378438452525125e-06,7.980424036748029,0.0001086280579848893,7.980424036748029,0.2,stable,0.03441442021705349,0.0005950069188692589,0.02755102812322755,0.0005394552975942961,0.021532737805142376,0.0004804173095208831,0.016373733851581564,0.0004198367613973648,0.012075506171040626,0.00035956187462227727,0.021532737805146182,3.5803598521215325,0.17068257507058127,-0.8314882256093494,0.1723292755262443,0.17148439753279945,0.17068257507065762,0.16968119543406496,0.16849206329233318
0.35,0.1,1,-1.2331020219175277,0.010954451150103323,8.138996187157583e-06,7.980424036748029,9.424855133907679e-05,7.980424036748029,0.2,stable,0.035060225581279796,0.0006097303953263629,0.028229468966620763,0.0005539724059788644,0.022243043659845366,0.0004945197414617666,0.017094202868894362,0.0004333858647261557,0.012766044017267468,0.0003724486480474362,0.022243043659848413,3.489935482550972,0.1763129242377666,-0.6165510109587639,0.1776862726953589,0.1769695451159282,0.17631292423783906,0.17550833111683073,0.17458918880431043
0.35,0.1,2,2.413542842788818,0.010954451150103323,4.357151539043767e-05,7.980424036748029,0.00014139790988955354,7.980424036748029,0.2,stable,0.03456546115563178,0.0006015785212779144,0.027677135788010163,0.000546793756247316,0.02162042474446892,0.0004888851556364623,0.01647990535700332,0.00042896515506902615,0.012207213798692142,0.0003694048636741763,0.021620424744508804,3.8174652329853886,0.17137763915138426,1.206771421394409,0.1742305646228569,0.17250449129232995,0.1713776391514964,0.17054041215135007,0.17005697517065274
0.35,0.1,3,-2.5737626514915855,0.010954451150103323,2.1014550135450665e-05,7.980424036748029,8.84555919216475e-05,7.980424036748029,0.2,stable,0.03430262787315122,0.0006027551611316251,0.027522381681664824,0.0005469328182226552,0.021544018121265728,0.000488319050806101,0.016410961479688693,0.0004284660257230212,0.012141166918494442,0.0003691126514258314,0.021544018121273364,3.522112161631558,0.17077199024025433,-1.2868813257457927,0.17161959374697844,0.1712526400946813,0.17077199024032258,0.1699824888675126,0.16891632854415622
0.35,0.1,4,-1.0059312874855868,0.010954451150103323,1.6405611995391626e-05,7.980424036748029,0.00010352747347249376,7.980424036748029,0.2,stable,0.03512735461884509,0.0006134729652922551,0.02829870741215734,0.0005579405211775105,0.022289176845554783,0.0004991143652417063,0.01711885062329118,0.0004387537207318638,0.012818424097857441,0.0003782777215636829,0.0222891768455516,3.4966847681318596,0.17667860606621133,-0.5029656437427934,0.17848963951611832,0.17752895651975872,0.17667860606628497,0.17570754385801915,0.17463019978092262
0.35,0.1,5,-6.37813155899395,0.010954451150103323,3.5658478501292696e-05,7.980424036748029,4.019709076403251e-05,7.980424036748029,0.2,stable,0.034472141442008476,0.0006052827775420555,0.02775150122806068,0.0005485079090218823,0.02184946427235745,0.0004884284886347021,0.01672398548769326,0.0004274422935291194,0.012442813277281046,0.00036663311678791885,0.02184946427232451,3.235659046543672,0.17319315637711108,-3.189065779496975,0.1723420935925444,0.1731059242837109,0.17319315637714197,0.1725150126833706,0.171085551694757
0.35,0.1,6,3.72155076121388,0.010954451150103323,5.6559013511074975e-05,7.980424036748029,0.00015725412527066372,7.980424036748029,0.2,stable,0.03480958945067235,0.0006082803566933984,0.027917708283097864,0.0005537513767450236,0.021827298020468837,0.0004964858027099951,0.01666422802321867,0.00043725560347569926,0.012440807402453654,0.00037763038734801597,0.0218272980205029,3.863917771845529,0.1730174521551614,1.86077538060694,0.17667644481300418,0.17444982826330882,0.17301745215528158,0.1720316621381206,0.17154519105420357
0.35,0.05,0,-2.400184717468543,0.003872983346207417,3.248138986301473e-06,7.980424036748029,8.751802768356423e-06,7.980424036748029,0.1,stable,0.019477036538591463,0.00038386439658667115,0.01728560751217505,0.0003632024800733946,0.01524023306357129,0.00034216308102701646,0.013348176248215026,0.00032083867793598057,0.011609429295972501,0.00029940756885584244,0.01524023306357347,5.110587774626381,0.1708427449143684,-1.2000923587342716,0.17151621245767865,0.1711878351667695,0.1708427449143732,0.17046165189119578,0.1700412585955684
0.35,0.05,1,1.1953489730294697,0.003872983346207417,6.612405778004933e-06,7.980424036748029,7.71264722869765e-06,7.980424036748029,0.1,stable,0.019963620155070555,0.00039423363889394065,0.01778541058178526,0.0003734258126866515,0.015746581189060853,0.00035226537971432144,0.01386083153320325,0.0003307604289478562,0.012122599086955893,0.00030912240952566484,0.01574658118906663,5.102657894791378,0.17651889850602534,0.5976744865147349,0.1771531792615137,0.17681845248615066,0.1765188985060306,0.176237274760485,0.17597392583538957
0.35,0.05,2,10.303577143152594,0.003872983346207417,9.983956063542671e-06,7.980424036748029,1.1214489710425373e-05,7.980424036748029,0.1,stable,0.019564428797195898,0.00038907953724457193,0.017352728001166298,0.00036887670923830315,0.015299090237117705,0.0003482010323899843,0.013415081258041982,0.0003270901972372868,0.011681605769882853,0.0003059172208007386,0.0152990902371269,5.654292831205757,0.17150253279594288,5.151788571576297,0.17256516133316835,0.1719440988001701,0.17150253279595112,0.17121552044884658,0.17108564575844973
0.35,0.05,3,-3.8534206842871157,0.003872983346207417,2.5038984191476935e-06,7.980424036748029,6.3981795965174525e-06,7.980424036748029,0.1,stable,0.019458984851027587,0.0003892395023760289,0.017280872791688315,0.00036872415069134543,0.015248844671890026,0.0003478632268749505,0.013368110887616311,0.0003267648192403726,0.01163662221696901,0.0003056307266568107,0.015248844671892203,5.043144517196209,0.1709392808923399,-1.9267103421435579,0.17128619299461095,0.17113448657979266,0.17093928089234428,0.17068627389461408,0.17037583332396627
0.35,0.05,4,-1.3766258166173975,0.003872983346207417,2.128767828824564e-06,7.980424036748029,8.267413598626502e-06,7.980424036748029,0.1,stable,0.020012770155813948,0.00039715427517430905,0.017824467968207622,0.00037658138348895117,0.01578073840536772,0.00035562091325113695,0.013886336397454986,0.00033438379690092947,0.012141040807344957,0.0003130319628080163,0.015780738405369216,4.977585164039986,0.17690180030073122,-0.6883129083086987,0.17761255771364784,0.1772583855145729,0.17690180030073582,0.17652456569963124,0.176123650975847
0.35,0.05,5,-16.30197871697898,0.003872983346207417,6.308323089338584e-06,7.980424036748029,1.604843628797252e-06,7.980424036748029,0.1,stable,0.01962491603652999,0.0003902914321641476,0.017476588993137754,0.0003692571169637084,0.015467581881117699,0.000347875929775525,0.013591085374122546,0.0003263914024623578,0.011859452924190115,0.00030483982262471157,0.015467581881111947,4.417020168261729,0.1733913211650956,-8.15098935848949,0.1730468190503103,0.17333958384228168,0.17339132116509642,0.17319852880715322,0.1727604243815235
0.35,0.05,6,16.045328524282503,0.003872983346207417,1.6165207106555967e-05,7.980424036748029,1.4846598517199062e-05,7.980424036748029,0.1,stable,0.019740875070738326,0.0003941257786701325,0.017524986898465437,0.0003740516096793918,0.01544961467355171,0.000353718823537783,0.013550001806221179,0.0003329221160262226,0.011818118872580772,0.00031190067131810055,0.015449614673564687,5.858645251046612,0.17318990908411563,8.022664262141252,0.17485360305221148,0.17388483023725385,0.17318990908412524,0.17273566785882263,0.1725207861425273
0.35,0.025,0,-6.512148769031718,0.0027386127875258306,1.932988563516509e-06,7.980424036748029,7.396121457965631e-06,7.980424036748029,0.1,stable,0.013768230687737951,0.00027275245268417435,0.01222375155263906,0.0002581546527210222,0.010782729757328923,0.00024329233768362633,0.009449249906834836,0.0002282408442044179,0.00822472558728871,0.0002131096019258608,0.010782729757329721,7.169462987523765,0.1709419487597295,-3.256074384515859,0.17143264083767798,0.1712034712681476,0.17094194875973406,0.17063158513553464,0.170271094671363
0.35,0.025,1,2.798515708809748,0.0027386127875258306,4.5860628178924866e-06,7.980424036748029,6.9137357316360486e-06,7.980424036748029,0.1,stable,0.014116155814323038,0.00028014181128926946,0.012580069614276755,0.0002654502098038718,0.011142783917450483,0.00025051119242627595,0.009813854463157606,0.0002353308573721236,0.008589560000562551,0.00022005420507420088,0.011142783917454463,7.223749501167247,0.17664999868548475,1.399257854404874,0.1771469307048877,0.17688034164960875,0.17664999868549008,0.17644064458916628,0.1762547725203647
0.35,0.025,2,18.4662079760746,0.0027386127875258306,6.2277812245641455e-06,7.980424036748029,9.958660828726955e-06,7.980424036748029,0.1,stable,0.013828610790204336,0.00027645568307147606,0.01226871256739072,0.000262197189362188,0.010822640027711472,0.000247585449396665,0.009495459005527394,0.00023268010421817587,0.008274197854122149,0.00021773849715538905,0.010822640027716879,7.926101164905892,0.1715746586160471,9.2331039880373,0.17242536840613507,0.17191989393317647,0.17157465861605511,0.1713679198587225,0.17130448745823298
0.35,0.025,3,-9.130400865279524,0.0027386127875258306,9.087068939116714e-07,7.980424036748029,5.3006694514677775e-06,7.980424036748029,0.1,stable,0.01375673084194869,0.0002765983334871312,0.01222074024503681,0.0002621170204693327,0.01078899773939872,0.0002473844783573008,0.009463500461496126,0.0002324957274270264,0.0082446228269576,0.00021757202115479205,0.010788997739399203,7.083015182237152,0.17104131701747735,-4.565200432639762,0.1712127883606872,0.17115548707265876,0.17104131701748163,0.17085866895579796,0.17060993266700766
0.35,0.025,4,-4.050048618194918,0.0027386127875258306,8.752214330210444e-07,7.980424036748029,7.029731267516685e-06,7.980424036748029,0.1,stable,0.014150900466264722,0.00028227481024923153,0.012608047483507611,0.00026774759479663787,0.011168149583155838,0.00025294199371166066,0.009833140846887009,0.00023795132283172302,0.008603320257748454,0.00022288363286552688,0.011168149583156328,6.992610938732731,0.17705212842667825,-2.025024309097459,0.17758519965751787,0.17732600970309403,0.17705212842668266,0.17674787178561732,0.17641219268144603
0.35,0.025,5,-30.855150157364534,0.0027386127875258306,3.874016223484379e-06,7.980424036748029,1.1101293719738212e-06,7.980424036748029,0.1,stable,0.013876280580448014,0.00027730866923454575,0.01236182588765519,0.0002624502340290081,0.010945049151656278,0.00024736083960550824,0.009622716903334837,0.00023219355045503483,0.008402865602515807,0.00021697865745885366,0.010945049151652897,6.296299179397508,0.1735152483055407,-15.427575078682267,0.173062197777685,0.17340349434388427,0.17351524830554177,0.1733955886410148,0.17304614667313375
0.35,0.025,6,35.35273241307843,0.0027386127875258306,1.2371604016137797e-05,7.980424036748029,1.414250528942654e-05,7.980424036748029,0.1,stable,0.01395713107369343,0.00028009761996671787,0.012394621665601438,0.0002659237106139506,0.010931196933812526,0.0002515753844248096,0.009593521695837475,0.0002368862869777448,0.00837422910419242,0.00022204132899403796,0.010931196933822737,8.383299584874734,0.17329564481329707,17.676366206539214,0.1748530922847105,0.1739260082631046,0.1732956448133071,0.17293042685656776,0.1728321055885942
0.35,0.0125,0,-15.815414908950473,0.0019364916731037084,1.341653399075262e-06,7.980424036748029,6.3996195425451195e-06,7.980424036748029,0.1,stable,0.009732640407491576,0.00019358828489085357,0.008643183148544394,0.0001832753188818617,0.007627121916316182,0.00017277501271694936,0.006686613359056633,0.00016214803198050395,0.005823742911385701,0.0001514594738146289,0.007627121916316203,10.073689995810302,0.17099980538938944,-7.907707454475236,0.17134796415350986,0.17119638477983562,0.17099980538939383,0.170743918193026,0.17042897383360542
0.35,0.0125,1,6.6264531650096385,0.0019364916731037084,3.1567197621323236e-06,7.980424036748029,6.420218474657428e-06,7.980424036748029,0.1,stable,0.009980846886422298,0.000198844556744861,0.008896773253777053,0.00018847083471042406,0.007882909435681117,0.0001779206502325249,0.006945800208356461,0.0001672004609530105,0.00608280165371617,0.00015641173759183789,0.007882909435683873,10.233945434703736,0.17673455258666843,3.3132265825048193,0.17712419750504402,0.1769100944651561,0.17673455258667384,0.17658385990753886,0.17646226826549807
0.35,0.0125,2,33.52925728996899,0.0019364916731037084,4.019441306081e-06,7.980424036748029,9.083595041840221e-06,7.980424036748029,0.1,stable,0.009774339190615529,0.00019621631816158072,0.008673605099845511,0.0001861486957923224,0.0076544499125145255,0.00017582147628568453,0.006718780168300997,0.00016529464451202122,0.0058578126645415195,0.00015474555373194294,0.0076544499125177305,11.131392413955217,0.17161249810407128,16.764628644984494,0.17229632128172911,0.17188192960593285,0.17161249810407908,0.17146880131703177,0.17145739212341882
0.35,0.0125,3,-20.710844256728958,0.0019364916731037084,6.370638479297065e-07,7.980424036748029,4.592077757526122e-06,7.980424036748029,0.1,stable,0.009725095433428468,0.0001963328871666135,0.008641324515765748,0.00018610704543841724,0.007631772324543146,0.00017570008339349829,0.006696910485166507,0.0001651896057464137,0.005838083178134658,0.00015464860031590914,0.007631772324542883,9.958713579601435,0.17110406737844258,-10.355422128364479,0.1711367501898268,0.1711545004286945,0.17110406737844666,0.17097596866221995,0.17077414387649786
0.35,0.0125,4,-9.060109181221465,0.0019364916731037084,4.337334764334146e-07,7.980424036748029,6.1821092300585786e-06,7.980424036748029,0.1,stable,0.01000525344113629,0.0002003936605572685,0.008916862101370984,0.00019013204508162854,0.007901502460370649,0.00017967322795136632,0.006960108514943482,0.00016908748661188105,0.006092941557278284,0.00015844990321037028,0.00790150246037085,9.86209274298148,0.17715140754689657,-4.530054590610733,0.17755371498963957,0.17736264398829005,0.1771514075469009,0.1769061956960649,0.17662762253561867
0.35,0.0125,5,-57.83106553787987,0.0019364916731037084,2.3625515787725135e-06,7.980424036748029,1.6526718515593597e-06,7.980424036748029,0.1,stable,0.009811007897917006,0.00019681535859030492,0.008742627689628798,0.00018631851845789328,0.007742784908442822,0.00017566710906705412,0.0068103356068058675,0.00016495574839133883,0.005950437268017303,0.00015421014055873805,0.007742784908440929,8.985797274208986,0.17359296560907808,-28.915532768939936,0.17306536033586287,0.17343721981328505,0.17359296560907939,0.17353184490910148,0.17325747570895567
0.35,0.0125,6,74.59258480060086,0.0019364916731037084,9.079176318727658e-06,7.980424036748029,1.361666667085539e-05,7.980424036748029,0.1,stable,0.00986744262340702,0.00019883345487222353,0.00876494640768037,0.00018882339694334028,0.007732534375086543,0.00017869284118591082,0.00678965750596197,0.00016831637208788186,0.005930500597827905,0.00015783018255110005,0.00773253437509412,11.938021791868588,0.17336314901158006,37.29629240030043,0.1748269515104909,0.17394009890073797,0.17336314901159036,0.17306592131540402,0.17305244120813001
0.35,0.00625,0,-29.938771334455694,0.0027386127875258306,1.4073120525949036e-06,7.980424036748029,8.257916626168141e-05,7.980424036748029,0.2,stable,0.00858099217522928,0.00015111457515663037,0.00688005683163958,0.00013728502791169751,0.005394305529774239,0.000122578304492842,0.004122145523984944,0.0001075212135398158,0.003060862814016902,9.258050109051459e-05,0.0053943055297745734,14.239419738313684,0.17103518686218633,-14.969385667227847,0.17137486836135157,0.17123521026278152,0.17103518686226096,0.17061062267643423,0.1700460340021332
0.35,0.00625,1,-11.046334242787868,0.0027386127875258306,3.515460764260275e-06,7.980424036748029,8.240049884623899e-05,7.980424036748029,0.2,stable,0.008748997888852115,0.00015491461576589018,0.007056727673073594,0.00014101974321680682,0.00557588411651367,0.000126239123720996,0.004305871114773487,0.00011104662402130808,0.0032388504932101122,9.592322815152115e-05,0.005575884116515841,14.055370320738113,0.17679242981812315,-5.523167121393934,0.17717409599674488,0.17694887426714753,0.17679242981820006,0.17655313786212481,0.17633568428650184
0.35,0.00625,2,38.601944912453476,0.0027386127875258306,9.853738541242228e-06,7.980424036748029,0.00012258593769139334,7.980424036748029,0.2,stable,0.00861625643055019,0.00015278461591689094,0.006909003679049377,0.00013914761332475137,0.005413030607758932,0.00012473883268013575,0.004145776617470512,0.00010985077074845941,0.0030937751525653354,9.506280413057869e-05,0.005413030607768203,15.247938731001907,0.17162889576424417,19.300972456226738,0.17324136911306992,0.17217188699152375,0.1716288957643566,0.17137541912358428,0.17154922060083463
0.35,0.00625,3,-35.899152067035985,0.0027386127875258306,3.414655625695463e-06,7.980424036748029,7.515529681057111e-05,7.980424036748029,0.2,stable,0.008556944166645195,0.00015311003071989595,0.006875022344300047,0.0001392394562468557,0.00539767496167417,0.00012466396348553884,0.004132400016431194,0.00010979459325276978,0.003080639519822105,9.50619292624458e-05,0.005397674961675986,14.138162491710117,0.17114202015364818,-17.949576033517992,0.17086011563868708,0.1710722804626221,0.17114202015371932,0.17094251620402992,0.17058403492513946
0.35,0.00625,4,-18.71350011178526,0.0027386127875258306,3.102140989200116e-06,7.980424036748029,8.057435167547228e-05,7.980424036748029,0.2,stable,0.00876487855734132,0.0001559766055521789,0.007073880402392662,0.00014213856487618574,0.005589293172275706,0.00012749886104872852,0.004313248870235482,0.00011250949362435851,0.0032523483262104705,9.751476835574187e-05,0.005589293172274365,13.902861872138823,0.1772175856319109,-9.35675005589263,0.17781082288302377,0.17750321833405622,0.17721758563198306,0.17679160167878366,0.17630344794819078
0.35,0.00625,5,-93.22573119538278,0.0027386127875258306,7.11618610494232e-06,7.980424036748029,4.156676837491142e-05,7.980424036748029,0.2,stable,0.008600751205606652,0.00015372090097760794,0.006936604428294683,0.00013956903695307057,0.005476561914111681,0.00012463175668753917,0.00421214145464475,0.00010947408695615327,0.003156806060919404,9.437019364348642e-05,0.005476561914105096,13.041470316156257,0.17364325864958177,-46.61286559769139,0.17181757094078454,0.17306481386096076,0.17364325864961724,0.17352251045416686,0.1727904051110454
0.35,0.00625,6,79.92006611753108,0.0027386127875258306,1.7073735885108228e-05,7.980424036748029,0.00014678310818069776,7.980424036748029,0.2,stable,0.00868130134323695,0.00015463086941027408,0.00697604061519437,0.0001410230580775704,0.005469091077691893,0.0001267968853079345,0.00419820921407257,0.00011205674904597824,0.0031577372633439537,9.724660140860693e-05,0.005469091077704917,15.7378449220789,0.1734063836907595,39.96003305876554,0.1761693359915018,0.17434031592117125,0.17340638369089098,0.17307185195596764,0.1734791826384796
0.4,0.1,0,-1.790928636498227,0.010954451150103323,3.5780908810491003e-06,7.980424036748029,0.0001026601044494129,7.980424036748029,0.2,stable,0.034408290805030675,0.0005966664580282332,0.02755391133181503,0.0005411577859680246,0.021548469313685415,0.0004821429556552831,0.016399769621071904,0.0004216229260227809,0.0121095722737308,0.0003614252864336891,0.021548469313687223,3.569759689620313,0.17080727330504897,-0.8954643182491135,0.17222176857097451,0.17150772275909176,0.17080727330512407,0.1698919124144769,0.16878354153288813
0.4,0.1,1,-1.1833433053056697,0.010954451150103323,9.330300968755628e-06,7.980424036748029,9.100881990940932e-05,7.980424036748029,0.2,stable,0.03506181887644682,0.000611471967962259,0.028240731557434763,0.0005557381106102549,0.022264357186997933,0.0004963283331803942,0.017125488406041035,0.0004352482877868875,0.012804546487414982,0.00037438704732002865,0.02226435718700164,3.4896066227713787,0.1764818692057155,-0.5916716526528348,0.17769596053702943,0.17706054571562577,0.17648186920578834,0.1757611914990238,0.17494228055771424
0.4,0.1,2,2.436993705997302,0.010954451150103323,4.380960755563423e-05,7.980424036748029,0.0001377446679924492,7.980424036748029,0.2,stable,0.03456053769101611,0.0006033148564116323,0.027683227374262407,0.0005485453282199522,0.021637555890541872,0.0004906798970051641,0.016507727882340353,0.0004308153345944737,0.012243683517147932,0.00037131590131705457,0.021637555890582146,3.816014480659569,0.17151343182912765,1.218496852998651,0.1741851291259943,0.1725537603682009,0.1715134318292399,0.17076554253455073,0.1703856267572097
0.4,0.1,3,-2.511258032863055,0.010954451150103323,1.9507410434029995e-05,7.980424036748029,8.474124519402163e-05,7.980424036748029,0.2,stable,0.03430123269226395,0.0006044698655239383,0.027529431627417635,0.000548697477667827,0.02156226564298889,0.0004901239223884642,0.016440586428574763,0.0004303183595438535,0.012179685641080018,0.000371019091496481,0.021562265642996552,3.5228615416000926,0.17091663204217225,-1.2556290164315276,0.1715854718693653,0.17130967724567997,0.17091663204224092,0.1702222358745843,0.16927134899077573
0.4,0.1,4,-1.0054358967273789,0.010954451150103323,1.6037630457380508e-05,7.980424036748029,9.926677095822857e-05,7.980424036748029,0.2,stable,0.03512689854690954,0.000615343442569727,0.028309297900040654,0.0005598310034992343,0.02231066720521087,0.0005010507524602616,0.017150426159192714,0.0004407536817190723,0.012858722785680123,0.0003803507555537751,0.022310667205207645,3.493290203435353,0.17684895272433176,-0.5027179483636894,0.17848003212672622,0.1776145163385496,0.17684895272440532,0.17596273680236027,0.1749804271128451
0.4,0.1,5,-6.2797716927057055,0.010954451150103323,3.46699131915855e-05,7.980424036748029,3.7654805142170636e-05,7.980424036748029,0.2,stable,0.03447633724006872,0.0006069973743062397,0.02776520017578252,0.0005502501381694768,0.021872258184474695,0.0004902203311413573,0.016756426882849455,0.00042928599636456356,0.01248344885908926,0.00036853017046660144,0.02187225818444264,3.2379612075436497,0.17337383584534438,-3.1398858463528527,0.17238640631992871,0.17321670583036622,0.173373835845376,0.17277739325713493,0.1714523733062343
0.4,0.1,6,3.805458057583304,0.010954451150103323,5.711805912568187e-05,7.980424036748029,0.00015359227228863386,7.980424036748029,0.2,stable,0.034808490484473466,0.0006101888430239483,0.027928861186509786,0.0005556654979788397,0.02184951432725638,0.0004984412443909645,0.016697868162698123,0.0004392594599067734,0.012482694893427347,0.000379693895417651,0.02184951432729197,3.865419560638017,0.173193553145459,1.902729028791652,0.1766802962713186,0.1745399928157836,0.17319355314557974,0.17230376844180412,0.17193577812194283
0.4,0.05,0,-3.3715117516085575,0.003872983346207417,2.6121380035231172e-06,7.980424036748029,7.837126560940266e-06,7.980424036748029,0.1,stable,0.019475324973094517,0.00038503220631324047,0.017288368126475176,0.0003643796521233464,0.015247834567523185,0.00034334883784263874,0.01335924749374221,0.0003220501879107551,0.011624507066749234,0.00030064076407771686,0.015247834567524267,5.064882838889313,0.1709279576401199,-1.6857558758042788,0.17147672465207262,0.17121894038209215,0.17092795764012447,0.17058640222186452,0.17019198506863817
0.4,0.05,1,1.1466824812389933,0.003872983346207417,6.232931667376733e-06,7.980424036748029,7.1753625657901754e-06,7.980424036748029,0.1,stable,0.01996740791191367,0.0003954452411402465,0.017792378932331578,0.00037465812514947736,0.015757396365895605,0.00035351432368369126,0.013875324819834795,0.0003320300947511603,0.012140802478400929,0.00031041367409011066,0.01575739636590107,5.097034011778454,0.17664013644834697,0.5733412406194967,0.17718691898941744,0.17689694308209328,0.17664013644835228,0.17640053005180886,0.17617967921174835
0.4,0.05,2,9.301713415427848,0.003872983346207417,8.64619887446157e-06,7.980424036748029,1.0366518744488578e-05,7.980424036748029,0.1,stable,0.019563935194351633,0.00039027618489005823,0.017355291988412524,0.00037009933322755794,0.015306957036179675,0.00034942743875805715,0.01342683698244514,0.0003283379970576891,0.011697289017177457,0.00030718758917958056,0.015306957036187337,5.6071632822578135,0.17159071947521304,4.650856707713924,0.17251766178468034,0.1719729872249708,0.171590719475221,0.1713479774266708,0.17124847300866858
0.4,0.05,3,-4.10092191880859,0.003872983346207417,1.93633852475626e-06,7.980424036748029,5.753873095983347e-06,7.980424036748029,0.1,stable,0.0194598088262838,0.00039044652740165254,0.01728541433250075,0.0003699494634940492,0.015257639319346329,0.00034910332986193315,0.01338073901766879,0.00032802699364301236,0.011653913399372186,0.00030690728304540095,0.01525763931934784,5.029157049028096,0.17103786873582028,-2.050460959404295,0.17128469197308893,0.17118565851307946,0.17103786873582463,0.17082856512977035,0.17055941538131336
0.4,0.05,4,-1.9214071355164073,0.003872983346207417,1.5274492988144943e-06,7.980424036748029,7.50754111320686e-06,7.980424036748029,0.1,stable,0.020015908517364876,0.0003984538472544596,0.017831453419254118,0.0003778979300288999,0.015792149499244255,0.00035695110770449804,0.013901338432687574,0.0003357387241544795,0.012159726415506654,0.00031441211157995515,0.015792149499245043,4.949761781667554,0.17702971846261842,-0.9607035677582036,0.17763226741958912,0.1773370668577008,0.17702971846262283,0.17669354896049452,0.1763266044302038
0.4,0.05,5,-15.66187188141565,0.003872983346207417,5.697801483497279e-06,7.980424036748029,1.2116053027258638e-06,7.980424036748029,0.1,stable,0.019629861459137213,0.00039148012825837456,0.017485001686549248,0.000370461846173501,0.015479006202137683,0.0003491056066301917,0.013606259772568446,0.00032763992146510454,0.011878198912370408,0.00030610888124258734,0.015479006202132564,4.4416351620915675,0.1735193876030431,-7.830935940707825,0.17311703524593952,0.1734343617054323,0.17351938760304417,0.17336948542243072,0.1729853155384529
0.4,0.05,6,16.509363068522767,0.003872983346207417,1.6639364421250647e-05,7.980424036748029,1.4324797156099904e-05,7.980424036748029,0.1,stable,0.019744043833035796,0.00039543011960053125,0.017532328407898718,0.0003753681719942366,0.015460581306972724,0.0003550575188953917,0.013565101963085208,0.0003342797851133571,0.01183772377186971,0.00031327400869428845,0.01546058130698606,5.875591899508524,0.17331284485211604,8.254681534261383,0.17490190115382057,0.17396753752842053,0.17331284485212575,0.1729057926218201,0.1727465951804921
0.4,0.025,0,-8.06035777657624,0.0027386127875258306,1.8686885543946187e-06,7.980424036748029,6.601271571036393e-06,7.980424036748029,0.1,stable,0.013765529561182906,0.0002735210842106625,0.012223938208844959,0.0002589317279888621,0.01078606032149832,0.00024407738026458963,0.00945496149716616,0.0002290439001750865,0.008233481118413051,0.00021392510539589875,0.010786060321498387,7.1186042009469235,0.17099474922327407,-4.03017888828812,0.1713724475589045,0.17120644556883152,0.17099474922327848,0.17072260019438368,0.17038972336123373
0.4,0.025,1,2.737735079565505,0.0027386127875258306,4.280394483521186e-06,7.980424036748029,6.487655428078086e-06,7.980424036748029,0.1,stable,0.014116915600788354,0.00028094015390566873,0.012582872633360009,0.00026626482984600853,0.011148218744875272,0.000251337747115568,0.009821840333464256,0.00023617204329603138,0.008600182006938841,0.00022091022669973166,0.011148218744879004,7.218365137255014,0.17673615868504255,1.3688675397827526,0.177148392240573,0.17692499228363237,0.1767361586850479,0.17656785809953893,0.17642376661012685
0.4,0.025,2,16.85957430645016,0.0027386127875258306,5.587307439590263e-06,7.980424036748029,9.269272424681193e-06,7.980424036748029,0.1,stable,0.013826174953922564,0.00027724216246027004,0.0122685646271247,0.0002629994053611961,0.010825990851916838,0.00024839219498491114,0.009501518257870642,0.00023350169712964134,0.008283034947169324,0.0002185754930751973,0.010825990851921388,7.873412076233591,0.17162778026820422,8.42978715322508,0.1723535920096533,0.1719175366573001,0.171627780268212,0.17146447068639128,0.1714335651730853
0.4,0.025,3,-10.010016071626689,0.0027386127875258306,8.656619693336689e-07,7.980424036748029,4.765014555295176e-06,7.980424036748029,0.1,stable,0.013755479230843894,0.0002773921421674984,0.012222008457191553,0.0002629238746849708,0.010793206579074927,0.00024820156668092417,0.009470192829986712,0.00023333010834328613,0.008254546503952671,0.00021841664430487497,0.010793206579074788,7.052541935263881,0.17110804105418748,-5.005008035813344,0.17117833025149273,0.17117569563272075,0.17110804105419158,0.17096531135510892,0.170751030817062
0.4,0.025,4,-4.493286303269774,0.0027386127875258306,7.309044620865507e-07,7.980424036748029,6.402817935731074e-06,7.980424036748029,0.1,stable,0.014151173408162748,0.0002831320426899976,0.012611049878745511,0.0002686154540420527,0.011174017825113347,0.0002538213046791887,0.009841610160154368,0.0002388465705469095,0.008614393703723095,0.0002237960208835502,0.011174017825113637,6.97495924480202,0.1771451594808318,-2.246643151634887,0.17758312779069424,0.1773738351406488,0.17714515948083612,0.1768827841737316,0.17658682871232503
0.4,0.025,5,-29.341719331812893,0.0027386127875258306,3.4015874600776357e-06,7.980424036748029,1.4629804435402676e-06,7.980424036748029,0.1,stable,0.013877552370380731,0.0002780891487761557,0.012365472406273685,0.00026324220689756084,0.010950678463286468,0.00024817149447352245,0.009630985439252124,0.00023301724146507306,0.00841367888941057,0.00021781643949326106,0.010950678463283629,6.340061264280494,0.1736044915233517,-14.670859665906447,0.1730997240678702,0.17346159274028375,0.17360449152335297,0.1735273274114286,0.1732331837302503
0.4,0.025,6,36.177967899098455,0.0027386127875258306,1.257855214890724e-05,7.980424036748029,1.3687777579167668e-05,7.980424036748029,0.1,stable,0.013957273214425319,0.00028095265924016577,0.012397458291495373,0.0002667890571174985,0.010936598813526186,0.00025245536540947433,0.009601823427549743,0.00023777894006689283,0.008385706745612452,0.00022294447229655832,0.010936598813536553,8.40560613009151,0.17338128248260964,18.088983949549228,0.17486288929776758,0.1739712016554031,0.17338128248261972,0.17306269806903926,0.17301869888433474
0.4,0.0125,0,-15.238473694275235,0.003872983346207417,1.9440693546956514e-06,7.980424036748029,8.25782790822273e-05,7.980424036748029,0.2,stable,0.012136329959316303,0.00021363787947948143,0.009730229163433846,0.00019408010153061368,0.0076286024543835915,0.00017327860971184483,0.005828867131263802,0.00015198287844310094,0.004327526526467015,0.00013085001344056724,0.007628602454383866,10.063046197645622,0.17103299900077867,-7.619236847137618,0.17139054167959253,0.17124343645421833,0.171032999000853,0.17059398444177704,0.17000879418188972
0.4,0.0125,1,-5.876532383926844,0.003872983346207417,4.84881971991571e-06,7.980424036748029,8.219303580612256e-05,7.980424036748029,0.2,stable,0.012374133659128417,0.0002190104967254746,0.009980471799353253,0.0001993571282183754,0.007885749777817244,0.00017845053889224005,0.00608894547300842,0.0001569629468054903,0.004579264880503996,0.0001355726161215786,0.007885749777820172,9.930590557183127,0.1767982329574994,-2.938266191963422,0.17719837173545092,0.17696605608625662,0.1767982329575759,0.176542261842831,0.17630051144671585
0.4,0.0125,2,19.3890342086765,0.003872983346207417,1.4063741467615053e-05,7.980424036748029,0.00012294481004199428,7.980424036748029,0.2,stable,0.012186724994629545,0.0002160069633284308,0.00977196624880932,0.000196717531179099,0.007655695809902147,0.000176338478920517,0.005862920136632782,0.0001552805089211552,0.004374570376111132,0.00013436301932112342,0.007655695809915369,10.783158852834914,0.17164043107984772,9.69451710433825,0.17328609690472652,0.1721984153902038,0.17164043107996027,0.17137328228239793,0.171533065376835
0.4,0.0125,3,-18.030639590243915,0.003872983346207417,4.811672148260246e-06,7.980424036748029,7.511726767037678e-05,7.980424036748029,0.2,stable,0.012102492106026127,0.00021646015552814627,0.00972346343436692,0.00019684111428935913,0.007633711647067512,0.00017622406317600078,0.00584381244775297,0.0001551909659396711,0.004355744582882533,0.00013435141584697353,0.007633711647070088,9.995086265819376,0.17114754692129855,-9.015319795121957,0.17088731750561717,0.17108861055887528,0.17114754692136963,0.17093602368972682,0.17056268093893603
0.4,0.0125,4,-9.304389390321044,0.003872983346207417,4.420089276834096e-06,7.980424036748029,8.093647897258642e-05,7.980424036748029,0.2,stable,0.012396484922758865,0.0002205155283456479,0.010004584339567298,0.0002009438587843068,0.007904492492532918,0.00018023825089109435,0.006099357887225214,0.00015903705914295746,0.004598549240686041,0.00013782744784154107,0.007904492492531051,9.831908057804029,0.17721844396280742,-4.652194695160522,0.17784004639958184,0.1775170828371168,0.17721844396287964,0.17678023924749955,0.17627923758293204
0.4,0.0125,5,-46.64984741255773,0.003872983346207417,1.0148921908880968e-05,7.980424036748029,4.1022951477023676e-05,7.980424036748029,0.2,stable,0.012165186211602185,0.00021732674359677248,0.009811025852028338,0.0001973129562601121,0.007745593475878504,0.00017618603867440824,0.005956765778802291,0.00015474668871230332,0.004463726831674394,0.00013338216015218197,0.00774559347586911,9.220155970369909,0.1736559335921064,-23.324923706278867,0.17186036043471262,0.17309193714786836,0.17365593359214182,0.17352018232508565,0.17277058834332928
0.4,0.0125,6,39.48006976755074,0.003872983346207417,2.3918627551295746e-05,7.980424036748029,0.0001465183723891806,7.980424036748029,0.2,stable,0.012278763415248035,0.00021862453484158454,0.009866696052417382,0.00019937877552931498,0.0077352018461594495,0.00017925529230369768,0.0059372140006992155,0.00015840780518597584,0.004465078783172027,0.00013746065410479228,0.007735201846177626,11.116878690839002,0.17342295361943166,19.74003488377537,0.1761956604678437,0.17436512197163967,0.17342295361956256,0.17307298631347645,0.17345529872184628
0.4,0.00625,0,-30.363388349886595,0.0027386127875258306,1.7608725265464339e-06,7.980424036748029,8.06507576614279e-05,7.980424036748029,0.2,stable,0.008577252028009545,0.0001514142632284348,0.006878224582599431,0.0001375936074177455,0.0053949366723924095,0.0001228947268566621,0.004125115686409808,0.00010785039668517156,0.0030655462553672284,9.292884156100643e-05,0.005394936672392692,14.231128281552735,0.17105519826032317,-15.181694174943297,0.17122278049550937,0.17117591440051524,0.17105519826039756,0.17070675670735888,0.17022463810662497
0.4,0.00625,1,-10.955903014399034,0.0027386127875258306,3.588291111988274e-06,7.980424036748029,8.164428279416393e-05,7.980424036748029,0.2,stable,0.008746318245051952,0.00015523144577416382,0.007056106599803009,0.00014134190831580957,0.005577363678599697,0.00012657198563249846,0.004309415873067533,0.00011139393644018817,0.003244267845968536,9.628726898045866e-05,0.005577363678601893,14.053007710825677,0.17683934172855637,-5.477951507199517,0.17707972641644446,0.17692880109805686,0.17683934172863328,0.17666771308629484,0.1765265999875717
0.4,0.00625,2,39.73546231018037,0.0027386127875258306,9.98932715165553e-06,7.980424036748029,0.00012184363822367931,7.980424036748029,0.2,stable,0.008612427056377525,0.00015309035802888447,0.006907106029149922,0.00013946145006275943,0.005413419420403669,0.00012506317074739966,0.004148698560569667,0.00011018616190303017,0.0030988523789167517,9.541199916569881e-05,0.005413419420413096,15.264383258309014,0.17164122369839677,19.867731155090183,0.17310612433292047,0.17211048823118313,0.17164122369850984,0.17146997513271173,0.1717453463036795
0.4,0.00625,3,-34.88041752349443,0.0027386127875258306,3.1934248055696545e-06,7.980424036748029,7.555776848738965e-05,7.980424036748029,0.2,stable,0.008553876501651165,0.00015341707832626443,0.006873623442873116,0.0001395582817117735,0.005398544425163839,0.000124993100281563,0.00413573858870156,0.00011013528113993199,0.0030859753611169756,9.541715814780105e-05,0.0053985444251657385,14.15154541596118,0.1711695879007133,-17.440208761747215,0.17074077930869463,0.17102700705192048,0.17116958790078496,0.17105056561793727,0.17079089973463915
0.4,0.00625,4,-18.705438196030933,0.0027386127875258306,2.988507477179211e-06,7.980424036748029,7.895077860130537e-05,7.980424036748029,0.2,stable,0.008762170472715412,0.0001563130789465085,0.007073158293879159,0.00014248335803684352,0.005590806604323062,0.00012785440722698024,0.004316942100489199,0.00011287944913898782,0.003257992773116803,9.79019639721242e-05,0.00559080660432168,13.89914571518301,0.17726557144428054,-9.352719098015466,0.1777077388081561,0.177479882473926,0.17726557144435265,0.1769109696280213,0.17650268293946308
0.4,0.00625,5,-90.82910953960622,0.0027386127875258306,6.617652051595759e-06,7.980424036748029,4.526869541255655e-05,7.980424036748029,0.2,stable,0.00859829211764364,0.00015402716840401108,0.006936181056716141,0.0001398811416914534,0.00547794917653779,0.00012495737843255103,0.004215840427603622,0.00010981072448314625,0.0031624568054383997,9.472015119972779e-05,0.005477949176531683,13.074875417903364,0.1736872440499343,-45.41455476980311,0.1717579704374323,0.17305111853764638,0.17368724404997107,0.17364215124060203,0.17301412968403004
0.4,0.00625,6,82.40148411884557,0.0027386127875258306,1.7488885173307552e-05,7.980424036748029,0.00014629449821728887,7.980424036748029,0.2,stable,0.008678176496948355,0.0001549673532550828,0.006975245783889659,0.0001413634624823676,0.005470408657255844,0.00012714916211656053,0.004202162098611767,0.0001124184314309028,0.0031636294850478333,9.762258363742216e-05,0.005470408657269455,15.772704529028047,0.17344815968319743,41.20074205942279,0.17608765531018225,0.17431461200516726,0.17344815968333022,0.17319971849185464,0.1737233405986028
