H,T,seed,curvature_fd_euro,dk,price_m2,price_se_m2,price_m1,price_se_m1,price_0,price_se_0,price_p1,price_se_p1,price_p2,price_se_p2,price_fit_rmse,price_fit_cond,price_atm_fit,price_quadratic_coef_scaled,iv_fit_rmse,iv_fit_cond,iv_atm_fit,iv_quadratic_coef_scaled,iv_m2,iv_m1,iv_0,iv_p1,iv_p2
0.05,0.1,0,-0.7021861305457298,0.009486832980505138,0.04680470842630823,0.0007456132631275261,0.04134034595066541,0.0007049381347852949,0.03628033952330367,0.0006631465952450693,0.03160686348070032,0.0006208055333795246,0.027345832508420705,0.0005780648924767516,1.4066450866659529e-05,7.980424036748029,0.03628033952329054,2.1473910267264875,2.2572179205786065e-05,7.980424036748029,0.2875817199981342,-0.3510930652728649,0.2894684855494033,0.2885330090130463,0.28758171999814325,0.286567234231455,0.28547216645985196
0.05,0.1,1,-2.8279006574225045,0.009486832980505138,0.047295926318885656,0.0007473372505411583,0.04184262370383528,0.0007061768204415851,0.03676095288193601,0.0006641247120781687,0.032036658247665065,0.0006217249781429444,0.027717846045141537,0.0005789468140015879,2.2438507058566204e-05,7.980424036748029,0.03676095288191728,1.985423265016751,2.639185349402937e-05,7.980424036748029,0.29139137608581744,-1.4139503287112523,0.29347448702874945,0.2925356741428117,0.2913913760858222,0.2899925669696456,0.28830639695483223
0.05,0.1,2,0.9216151408063553,0.009486832980505138,0.046573114826756655,0.0007469166122588913,0.04115883250787892,0.0007059952005431327,0.0361052317170395,0.0006644068109373918,0.031458406004814275,0.0006221244403501792,0.027230932424923304,0.0005793887385214928,2.136725381611231e-05,7.980424036748029,0.036105231717049546,2.2598615476338635,2.194282263426525e-05,7.980424036748029,0.28619370090113355,0.46080757040317766,0.28811039087744805,0.28708637704299245,0.2861937009011456,0.2853839701219232,0.2846490841045342
0.05,0.1,3,0.39441360942398146,0.009486832980505138,0.04638793505744014,0.0007492273711874674,0.04099108436279712,0.0007084237057271172,0.03596884145060462,0.0006668534926361257,0.03134891891324672,0.0006246502562966675,0.027144253381153664,0.0005820535849485865,1.3677311004976683e-05,7.980424036748029,0.035968841450609045,2.2351131934273187,1.7720120229037968e-05,7.980424036748029,0.28511258236891146,0.19720680471199073,0.2864612577493499,0.28574938145438483,0.2851125823689228,0.28451128050826374,0.28394362165483916
0.05,0.1,4,3.999489369223566,0.009486832980505138,0.046582711730431846,0.0007590757813142378,0.041182263149043274,0.000718690136112356,0.036180528453700525,0.0006773410256068011,0.03161949858703095,0.000635000854257953,0.027442795981988847,0.000592489668202949,3.143777755529124e-05,7.980424036748029,0.03618052845373003,2.4483601586413046,1.9573720934420005e-05,7.980424036748029,0.28679055212494087,1.999744684611783,0.2881548968273198,0.28727311980782483,0.28679055212495846,0.286667938485252,0.28692463540454405
0.05,0.1,5,2.727199201272331,0.009486832980505138,0.04639226838483527,0.0007424496934573713,0.04098609082291264,0.0007013554810945876,0.03597420301841164,0.0006592441262012552,0.031390916015950544,0.0006161479064329971,0.02717574300591487,0.0005729494006368087,3.109952373296057e-05,7.980424036748029,0.03597420301844008,2.3811155662578667,1.8746526754222783e-05,7.980424036748029,0.28515508166519266,1.3635996006361655,0.2865498313233195,0.2857095806130886,0.2851550816652082,0.2848460306453803,0.28479394980509276
0.05,0.1,6,1.3551944934310725,0.009486832980505138,0.046715706530222036,0.000756412249189249,0.04131187551836517,0.000715786765539717,0.03631361852443495,0.0006740786842515637,0.03172476034973794,0.0006316049789496119,0.027507121761361573,0.0005890590631647002,1.7159737309946312e-05,7.980424036748029,0.03631361852444754,2.274437884349614,1.5774435176606778e-05,7.980424036748029,0.28784551114557566,0.6775972467155362,0.28892299932248505,0.28830610961446984,0.28784551114558843,0.2875068801810651,0.28729834354467587
0.05,0.05,0,-1.2615428325081537,0.006708203932499369,0.03316162024647839,0.0005288932751858525,0.029300752092291427,0.0005001319846590665,0.02572476087444279,0.00047058852630061754,0.022421892801701218,0.0004406538126913744,0.019409375480198495,0.00041044142240227196,9.32675739797833e-06,7.980424036748029,0.02572476087443409,3.0347016126862725,2.2094753782477875e-05,7.980424036748029,0.28837411749027125,-0.6307714162540768,0.29023060184569716,0.28930744567828304,0.28837411749028036,0.28738401987477874,0.28632073417169457
0.05,0.05,1,-5.877162361429778,0.006708203932499369,0.033508574520370524,0.0005301128956987605,0.029656011501238973,0.00050100433927958,0.02606549935036377,0.00047126885833640857,0.022726050875817753,0.0004412981485050505,0.019672749197501966,0.00041105951915098384,1.6441068573534872e-05,7.980424036748029,0.026065499350349946,2.7895964042704455,2.5769441304266527e-05,7.980424036748029,0.2921937898194699,-2.938581180714889,0.2942115873168791,0.29331107258343275,0.29219378981947464,0.29081203474923356,0.2891334867507531
0.05,0.05,2,1.8803576649315095,0.006708203932499369,0.032999268355788376,0.000529824543490159,0.029173609074816833,0.0005008901807682915,0.025602537674133174,0.00047148566330935477,0.022318458144521807,0.0004415911947425443,0.019330061769113692,0.0004113764591884953,1.5003712992836951e-05,7.980424036748029,0.025602537674140276,3.1887985671548447,2.1433314295346472e-05,7.980424036748029,0.2870039975620945,0.9401788324657547,0.2888768946721704,0.28787445284160923,0.2870039975621066,0.2862181583774778,0.28550965691580416
0.05,0.05,3,0.852334189043474,0.006708203932499369,0.03286678499362197,0.0005314772613197034,0.029053818122390856,0.0005026242598989421,0.025504787492484287,0.0004732355578168777,0.022239712388280757,0.0004433992736017712,0.019267556247179234,0.0004132842701989533,9.809331842875609e-06,7.980424036748029,0.025504787492487597,3.155061396553379,1.7300348993457658e-05,7.980424036748029,0.2859082197429661,0.426167094521737,0.287217310094484,0.28652425217924893,0.2859082197429774,0.2853305423451678,0.2847901676480629
0.05,0.05,4,8.111598431610345,0.006708203932499369,0.033006553735254004,0.0005384886399239343,0.0291909609830489,0.0005099322650609531,0.025656823853329916,0.00048069569933763436,0.022433964773691684,0.0004507561134704915,0.019480794362900955,0.0004207062661586302,2.2886912406727036e-05,7.980424036748029,0.025656823853351326,3.458644999947727,1.935700686917139e-05,7.980424036748029,0.2876125446773884,4.055799215805172,0.2889307738784953,0.2880700258097628,0.28761254467740605,0.2875200854744016,0.28781291610707926
0.05,0.05,5,5.446360504667669,0.006708203932499369,0.03287154678103345,0.0005266602486914594,0.029051805452317135,0.0004976018393003333,0.025509759116072957,0.0004678319711299349,0.022269953657586064,0.0004373692835727104,0.019289920796021744,0.0004068327091114023,2.1936523619249994e-05,7.980424036748029,0.025509759116093055,3.35823197418975,1.8439383177539595e-05,7.980424036748029,0.2859639515562416,2.7231802523338344,0.2873237288096018,0.28650156616273487,0.28596395155625703,0.28567142317242766,0.28563593171047225
0.05,0.05,6,2.5414579991043977,0.006708203932499369,0.03310280385005594,0.0005365813429113733,0.029284363809640564,0.0005078573262164155,0.025752380897158075,0.00047836769951759234,0.02250840478577993,0.00044834487204998576,0.019526666718637294,0.0004182670630926878,1.1544958328430583e-05,7.980424036748029,0.025752380897166267,3.200075567462558,1.5332935944719518e-05,7.980424036748029,0.2886837374598889,1.2707289995521989,0.2897093628204117,0.2891227423081313,0.28868373745990145,0.28835909822158146,0.2881571869212375
0.05,0.025,0,-2.281632413276074,0.004743416490252569,0.023492191157455107,0.00037509511496547685,0.020764152934585445,0.0003547584852403335,0.018236920336637052,0.0003338730567074552,0.015902652118786265,0.00031270956824471305,0.013772836560278647,0.00029135300734653766,6.220380677023227e-06,7.980424036748029,0.01823692033663125,4.2880973360166905,2.1635574191361733e-05,7.980424036748029,0.28911553677773816,-1.140816206638037,0.29094082099961954,0.2900309357033004,0.2891155367777473,0.2881488011228592,0.28711521313822314
0.05,0.025,1,-12.205114034832752,0.004743416490252569,0.023737248020284093,0.0003759575874412282,0.0210153892927606,0.0003553728525314798,0.018478420707937752,0.0003343464642450786,0.01611784758168472,0.0003131612597856625,0.013959223970205898,0.00029178645654744215,1.204300163541427e-05,7.980424036748029,0.018478420707927542,3.9198990802345723,2.5175490843575853e-05,7.980424036748029,0.2929441168335053,-6.102557017416376,0.29489757018898705,0.2940349359607369,0.2929441168335097,0.29157868264048137,0.289906801537387
0.05,0.025,2,3.8273940601301017,0.004743416490252569,0.023378348311088388,0.00037576016375754446,0.020675045112819052,0.0003553020961669982,0.018151553688555835,0.00033451169604435286,0.015830570580251384,0.00031337544904795714,0.013718043487517846,0.0002920134953522854,1.0492932341526193e-05,7.980424036748029,0.01815155368856086,4.500184798638031,2.0945295522295827e-05,7.980424036748029,0.2877621929113253,1.9136970300650509,0.28959164203841026,0.2886106670365682,0.2877621929113373,0.2869998351524116,0.2863171126923959
0.05,0.025,3,1.837515620132247,0.004743416490252569,0.023283620075695056,0.0003769416090201976,0.020589579091102782,0.000356539432543374,0.018081554059685263,0.0003357625424794209,0.015773989301201576,0.00031466905940623406,0.01367302795839438,0.00029337860911197094,7.019637818535608e-06,7.980424036748029,0.018081554059687758,4.454672731641841,1.6909811414023784e-05,7.980424036748029,0.2866524671515858,0.9187578100661234,0.28792343391504543,0.287248373224883,0.2866524671515971,0.28609790517971917,0.2855844161320563
0.05,0.025,4,16.42212922137996,0.004743416490252569,0.0233838358851692,0.0003819318304892815,0.02068789230382781,0.00036173998421604436,0.018190666128918252,0.00034106777856153075,0.01591330281219608,0.00031989714065191343,0.013825264593364531,0.00029865564663322797,1.66113510747774e-05,7.980424036748029,0.018190666128933754,4.885841291678074,1.916208943952638e-05,7.980424036748029,0.2883822545217432,8.21106461068998,0.2896554019676905,0.28881544003300125,0.2883822545217608,0.28831856691793145,0.28864550162955016
0.05,0.025,5,10.836892336211323,0.004743416490252569,0.023288133870201226,0.0003735194597886704,0.020589156362019117,0.00035297227867413293,0.018085890953178824,0.00033192638300605804,0.015795740835165197,0.0003103935771249566,0.013688908958766325,0.0002888077102060448,1.5432013518485716e-05,7.980424036748029,0.01808589095319298,4.735895350448233,1.813314613096059e-05,7.980424036748029,0.28672122126524613,5.418446168105661,0.28804449968093987,0.28724163491987015,0.28672122126526134,0.2864446376881565,0.28642423210646095
0.05,0.025,6,4.715710548934805,0.004743416490252569,0.02345336257873873,0.000380567440031297,0.020755097904687846,0.0003602583416176159,0.018259225251985603,0.0003394073810113327,0.015965953830902876,0.0003181854996850953,0.013857966317939818,0.0002969219921878147,7.745107625771342e-06,7.980424036748029,0.01825922525199086,4.502249591078404,1.4898879860790148e-05,7.980424036748029,0.2894691434973972,2.3578552744674024,0.290442380704238,0.289886613120992,0.2894691434974095,0.28915777736112924,0.2889610820374165
0.05,0.0125,0,-3.971813745752636,0.0033541019662496844,0.01664011171297169,0.0002659739383755234,0.01471250680008122,0.0002515937700210448,0.012926362418123031,0.00023682950490682805,0.011276628373147303,0.00022186704551628933,0.009770876006353523,0.0002067704487762007,4.070126922308433e-06,7.980424036748029,0.01292636241811924,6.062681644336879,2.1225308256336443e-05,7.980424036748029,0.2898085912541293,-1.985906872876318,0.29160765417588985,0.29070788808488573,0.2898085912541385,0.2888646115187149,0.28786132524839647
0.05,0.0125,1,-25.19472799728834,0.0033541019662496844,0.01681320075906896,0.00026658359157422947,0.014890082198972827,0.0002520271676521963,0.013097478784341102,0.00023715908107595506,0.011428887565065418,0.0002221834573375799,0.00990278539998501,0.0002070741739652126,8.759939154789292e-06,7.980424036748029,0.013097478784333608,5.5116531282640855,2.4601949857689485e-05,7.980424036748029,0.29364501417258804,-12.59736399864417,0.29553695112655287,0.2947100884734827,0.29364501417259226,0.29229649918171574,0.29063322875300074
0.05,0.0125,2,7.7238415615936615,0.0033541019662496844,0.01656032803095052,0.00026644794651756664,0.01464996471339357,0.00025198393980659664,0.012866730560412118,0.00023728382432755665,0.01122638375756029,0.00022233984369053267,0.009733054261635139,0.00020723655693584913,7.2852859147967724e-06,7.980424036748029,0.012866730560415601,6.350548894031784,2.047165187777138e-05,7.980424036748029,0.28847164709954104,3.8619207807968308,0.29025701009792704,0.28929817389536433,0.2884716470995529,0.28773201352126204,0.28707354494812454
0.05,0.0125,3,3.8487938293495585,0.0033541019662496844,0.016492568506591962,0.00026729274229736184,0.014589013216793813,0.0002528664967389316,0.012816635473201875,0.0002381775318494507,0.011185752973417661,0.00022326500645176992,0.009700630291640954,0.00020821319486866876,4.992824383478216e-06,7.980424036748029,0.012816635473203691,6.288677502243326,1.6528427918645568e-05,7.980424036748029,0.28734851700431197,1.9243969146747792,0.28858021967199454,0.2879242409300228,0.2873485170043231,0.28681609200915914,0.28632742109655657
0.05,0.0125,4,33.05642319815344,0.0033541019662496844,0.01656441148594385,0.0002708430753785817,0.0146594575315481,0.0002565661713146626,0.01289491449781314,0.0002419491090812535,0.011285597942931882,0.00022697945900329166,0.009809258017835724,0.00021196431004018155,1.1954551788810244e-05,7.980424036748029,0.012894914497824256,6.898954613748356,1.895474541212124e-05,7.980424036748029,0.28910352998601146,16.52821159907672,0.2903289476269484,0.28951214910621104,0.289103529986029,0.2890667956267564,0.28942383463308813
0.05,0.0125,5,21.608077494862815,0.0033541019662496844,0.016496570888131085,0.0002648620824990478,0.014589431938283203,0.0002503334139715388,0.012820246727971357,0.00023545506899952878,0.01120138020965232,0.00022023425660254542,0.00971189738512775,0.00020497539966363176,1.0873510878597902e-05,7.980424036748029,0.012820246727981346,6.680830753464393,1.7858347608525112e-05,7.980424036748029,0.28742948120954365,10.804038747431408,0.28871881437217173,0.28793367974632783,0.28742948120955886,0.2871683735445465,0.2871630981183195
0.05,0.0125,6,8.724273488643203,0.0033541019662496844,0.016614558754556075,0.0002698678640484405,0.01470778845425473,0.00025550859211941334,0.012944044557272235,0.0002407656599660418,0.011322857818390744,0.00022576461337520237,0.009832583624571468,0.00021073239059396246,5.211855778646826e-06,7.980424036748029,0.012944044557275587,6.335873692783562,1.4488455562518201e-05,7.980424036748029,0.2902050241927604,4.362136744321601,0.2911273866964737,0.29060153794853266,0.29020502419277233,0.28990665851371156,0.2897152131991177
0.05,0.00625,0,-6.638732486912224,0.0023717082451262844,0.011785217409011053,0.00018856700833274595,0.010423170406800233,0.0001783985106264628,0.009160743925234492,0.0001679616129793896,0.007994786504648336,0.0001573832014563462,0.006930252449444713,0.00014671152764973903,2.625902887130853e-06,7.980424036748029,0.009160743925232058,8.5750276434923,2.0855945342920094e-05,7.980424036748029,0.2904562117219959,-3.319366243456112,0.29223269206620067,0.2913408430329067,0.2904562117220052,0.28953423754082797,0.28856116527698883
0.05,0.00625,1,-51.73077774104608,0.0023717082451262844,0.011907459997279357,0.0001889979616195791,0.010548649493463383,0.00017870442361438238,0.009281958028415666,0.00016819116365424756,0.008102505016384792,0.00015760482518749417,0.0070235931717568005,0.00014692433138806604,6.336912905927183e-06,7.980424036748029,0.009281958028410212,7.754529158987246,2.406062789295079e-05,7.980424036748029,0.2942995010338476,-25.86538887052304,0.2961340755576146,0.29534022206569643,0.29429950103385166,0.29296779437719755,0.2913143098294424
0.05,0.00625,2,15.56956038135038,0.0023717082451262844,0.011729319696623974,0.00018890437973447078,0.010379242116148569,0.0001786785175249316,0.009119089852879894,0.00016828454784215921,0.007959770418126004,0.00015771862356307522,0.006904148653778402,0.0001470403099131204,5.0434337829414236e-06,7.980424036748029,0.009119089852882303,8.96291808934784,2.002122520170477e-05,7.980424036748029,0.28913550194599147,7.78478019067519,0.2908777368845256,0.289940585815112,0.2891355019460033,0.2884179968539924,0.2877830677896926
0.05,0.00625,3,8.093963448012609,0.0023717082451262844,0.01168088035792127,0.00018950812508650129,0.010335798401031203,0.00017930771966377033,0.009083258483403278,0.00016892282925183854,0.007930618106986198,0.00015837996667324123,0.006880796107869502,0.0001477388755875744,3.5398429032146507e-06,7.980424036748029,0.009083258483404607,8.879959218269697,1.6176166723823853e-05,7.980424036748029,0.2879994103878996,4.046981724006304,0.28919367777824784,0.2885557037098256,0.28799941038791077,0.2874886456103465,0.28702457562545003
0.05,0.00625,4,66.62481784764675,0.0023717082451262844,0.011732303869922115,0.00019203383434107717,0.010386267567448449,0.00018193872955159652,0.009139387077334086,0.00017160338495820885,0.00800213063522849,0.0001610184456267073,0.006958284394808586,0.00015040459923023098,8.631022734299021e-06,7.980424036748029,0.009139387077342088,9.744359820162847,1.8785731394242456e-05,7.980424036748029,0.28977905829612277,33.31240892382338,0.2909601614854226,0.29016453378111307,0.28977905829614015,0.28976834741149093,0.2901550337353856
0.05,0.00625,5,43.040131175119356,0.0023717082451262844,0.011684265430082687,0.00018778222700898298,0.010336566351168683,0.00017750966098701099,0.009086179548403009,0.00016699129373427504,0.007941826729348182,0.00015623209667811494,0.006888807240742779,0.00014544563123398315,7.644310129753328e-06,7.980424036748029,0.009086179548410036,9.425242994027132,1.7595512313789885e-05,7.980424036748029,0.2880920274812886,21.520065587559678,0.28934753563332355,0.28858018475069674,0.28809202748130364,0.28784597094971043,0.2878551349452024
0.05,0.00625,6,16.10197208172179,0.0023717082451262844,0.011768445420018623,0.00019133710530569166,0.010420950368372525,0.00018118466217401934,0.009174559105069707,0.00017076037306873598,0.008028502284007142,0.00016015639889290948,0.0069749237320928,0.00014952943707113137,3.530194012332676e-06,7.980424036748029,0.00917455910507183,8.918617087268887,1.4098669931913944e-05,7.980424036748029,0.29089424435703576,8.050986040860895,0.2917667034213635,0.29127007885789163,0.29089424435704764,0.2906089834491163,0.2904232865419809
0.1,0.1,0,-1.3475939457538164,0.009486832980505138,0.04738131920410871,0.0007478359470125392,0.04188989546431149,0.0007070405322017753,0.03679949408848116,0.000665089183226933,0.03208278038826214,0.0006226331348435633,0.027776480442374567,0.0005797336282083379,2.0474325524496767e-05,7.980424036748029,0.036799494088461934,2.076042642711074,2.7017992862019534e-05,7.980424036748029,0.291696878917777,-0.6737969728769082,0.29405977489221025,0.2929123540670404,0.29169687891778445,0.29036012031338104,0.2888735034519154
0.1,0.1,1,-2.840687669638565,0.009486832980505138,0.04786920207939666,0.0007495814292281567,0.04238368766686802,0.000708365408340281,0.03727168371237139,0.0006661726960371715,0.03251158441428215,0.0006236201085943973,0.028149234246958827,0.0005806858342423283,2.2665067719520435e-05,7.980424036748029,0.037271683712351164,1.9550258693783729,3.075854147022045e-05,7.980424036748029,0.2954397629697929,-1.4203438348192825,0.2980536515246021,0.2968467838754231,0.29543976296979746,0.2937770801738864,0.2918181247632112
0.1,0.1,2,0.8057653906429515,0.009486832980505138,0.047123461541774866,0.0007490311755193895,0.04167625181332963,0.0007080648518529303,0.036589985171692374,0.0006663629267817049,0.03190394753075,0.0006239630086649251,0.027633042139791494,0.0005810889912422552,1.879090133578262e-05,7.980424036748029,0.03658998517169968,2.2234944481428087,2.6143290991520702e-05,7.980424036748029,0.2900361740999817,0.40288269532147575,0.2925118489122746,0.29120991697734755,0.29003617409999305,0.28893495010775117,0.2878884071132237
0.1,0.1,3,0.5222168543393728,0.009486832980505138,0.04691724877394796,0.0007506831085847298,0.0414935490421633,0.0007097444383502528,0.036435541244676226,0.0006680649375815001,0.03177621281344493,0.0006257194958867761,0.027525365244452083,0.000582983314896234,1.5389866713862458e-05,7.980424036748029,0.036435541244683164,2.2148853679336855,2.2236014484707757e-05,7.980424036748029,0.2888119504361939,0.2611084271696864,0.29079131908690103,0.2897539511226524,0.28881195043620495,0.28791694926660394,0.2870574254001353
0.1,0.1,4,3.7620163836756784,0.009486832980505138,0.04712597574672157,0.0007612384777333707,0.0417032567817935,0.00072069879811925,0.036668700226268794,0.0006792305551512548,0.03206691777940694,0.0006367786675754086,0.027849712009333682,0.0005940985611181174,2.937072050189588e-05,7.980424036748029,0.03666870022629664,2.4043006030651823,2.1193742507570746e-05,7.980424036748029,0.2906601211492098,1.8810081918378392,0.2925753147127511,0.29142511409398136,0.2906601211492264,0.29023370967893614,0.2901543573677306
0.1,0.1,5,2.4247751455321973,0.009486832980505138,0.046949014436387375,0.0007448461363857073,0.04151447194079479,0.0007036612576630963,0.03647036791697779,0.0006614336872726438,0.03184605328665908,0.0006182387428815835,0.027589802921564148,0.0005748872823001279,2.6596862495994412e-05,7.980424036748029,0.03647036791700211,2.332163296673493,2.123559435657714e-05,7.980424036748029,0.2890880094383634,1.2123875727660987,0.29101908255342634,0.28992069051162167,0.2890880094383778,0.2884735581281744,0.28807787274487007
0.1,0.1,6,1.6171352377586503,0.009486832980505138,0.04726683993105078,0.0007585146699183495,0.041836335897875214,0.0007177716988604632,0.036800340985518105,0.0006759923161480142,0.03217150396184483,0.000633411369310418,0.02791244974312022,0.0005907183481106819,1.7645895850736917e-05,7.980424036748029,0.036800340985533114,2.2619882701330076,1.9570689360129544e-05,7.980424036748029,0.29170359197833273,0.8085676188793252,0.2934568256502732,0.2924855700551334,0.29170359197834533,0.29106715607290506,0.2905747527556633
0.1,0.05,0,-2.5294088147221534,0.006708203932499369,0.033583186056805846,0.000531525585625008,0.029707405629305416,0.0005026805175942916,0.026113523014588667,0.00047303394760873094,0.02278356772273739,0.00044303006182995,0.01974217786095914,0.0004127199202059212,1.3637997118635993e-05,7.980424036748029,0.02611352301457588,2.9325258101832063,2.568797742957472e-05,7.980424036748029,0.29273213425179845,-1.2647044073610767,0.2949855862117756,0.29389021530140436,0.29273213425180583,0.2914602298055153,0.2900482951725807
0.1,0.05,1,-6.162844300283372,0.006708203932499369,0.03392770562642237,0.0005327535039138219,0.03005662129672395,0.0005036069454346506,0.02644873897322741,0.00047377619794214285,0.023086806437986298,0.000443713739533037,0.020006030061302086,0.0004133779052651914,1.7533553673800157e-05,7.980424036748029,0.026448738973211674,2.7327754257579207,2.9298525569952145e-05,7.980424036748029,0.2964898992593019,-3.081422150141686,0.2989355063503686,0.29782509495853776,0.296489899259306,0.29487737556654536,0.29294839359714
0.1,0.05,2,1.730322976036046,0.006708203932499369,0.03340517884698546,0.000532396891427836,0.02956053686762326,0.0005034299744279703,0.025969807299960793,0.00047395472764202314,0.022661527634315583,0.00044398596611836086,0.01964567532630491,0.0004136827243075237,1.3519896241392384e-05,7.980424036748029,0.025969807299966355,3.138332244389495,2.48707101981818e-05,7.980424036748029,0.291121083615705,0.865161488018023,0.2934805120108104,0.29223517003061283,0.29112108361571637,0.2900848617346963,0.2891109429319317
0.1,0.05,3,0.9232276702891232,0.006708203932499369,0.03325765985011614,0.0005336200378798283,0.0294293280468596,0.0005046804224682754,0.025859301638649926,0.0004752188955796285,0.022569676228661854,0.0004452957784419929,0.0195681504469575,0.00041509486528466973,1.046407743750803e-05,7.980424036748029,0.025859301638654242,3.115566646715273,2.0875338678523807e-05,7.980424036748029,0.2898823170936722,0.4616138351445616,0.2917179425375222,0.29075651113060624,0.2898823170936831,0.28904966830187967,0.28824901862736413
0.1,0.05,4,7.806193977962856,0.006708203932499369,0.0334083896458596,0.0005411453670425486,0.02958091299313898,0.0005124858153498325,0.02602740137161091,0.0004831725029413646,0.02277999005601797,0.0004531575298680042,0.0198005766548816,0.0004230055894832082,2.2291110777551856e-05,7.980424036748029,0.026027401371631977,3.401114509456215,2.042307270423805e-05,7.980424036748029,0.29176671214730465,3.903096988981428,0.2935584475152674,0.29246479184376806,0.29176671214732125,0.29141991117981647,0.2914354913506296
0.1,0.05,5,4.770609643710278,0.006708203932499369,0.03328234910040167,0.000529409296036386,0.029446075792243998,0.0005002933595468216,0.02588465371451359,0.00047045072225996117,0.022618723398981723,0.00043993378709351167,0.019612842710311097,0.00040930078515083066,1.8342172694442976e-05,7.980424036748029,0.02588465371453041,3.2832418014600626,2.0273700034366714e-05,7.980424036748029,0.2901665134188757,2.385304821855139,0.29198395989602777,0.29094525441853514,0.29016651341888994,0.28960244985315514,0.28925511267895404
0.1,0.05,6,3.075685128211387,0.006708203932499369,0.03351235071518873,0.0005391686025192206,0.029678256460286302,0.0005103714761435209,0.02612297798065578,0.000480840614887118,0.022853907091404096,0.0004507524439454752,0.019845564669290636,0.00042058448317560196,1.1864439699890368e-05,7.980424036748029,0.026122977980665645,3.1800843371051495,1.8510004027670874e-05,7.980424036748029,0.29283812425556244,1.5378425641056934,0.29446516083312185,0.2935617448249837,0.29283812425557487,0.29225290951688604,0.2918060605771789
0.1,0.025,0,-4.509593268724478,0.004743416490252569,0.023795580894032328,0.00037758026523581587,0.02105967880845878,0.0003571857030868127,0.018521902702999825,0.00033623606074979816,0.016170932541075378,0.00031503033553506566,0.014022614791115435,0.00029361589988072376,8.709234028016778e-06,7.980424036748029,0.01852190270299167,4.15124319037848,2.4518140748154344e-05,7.980424036748029,0.2936334503454701,-2.254796634362239,0.2957958952741002,0.2947407266409226,0.2936334503454778,0.2924247082014562,0.29109063673092866
0.1,0.025,1,-13.067513530361897,0.004743416490252569,0.024038709553881137,0.0003784449824927398,0.021306437085207502,0.00035783483650305635,0.01875969629581151,0.00033674519044723464,0.0163852332782745,0.00031550461395800513,0.014209276551445394,0.0002940707943891179,1.3142307683516839e-05,7.980424036748029,0.01875969629579966,3.828394931249983,2.796653096804369e-05,7.980424036748029,0.29740326569576087,-6.533756765180948,0.2996980641578938,0.29867271026013464,0.2974032656957646,0.29583980207694666,0.29394466584654283
0.1,0.025,2,3.660599202820266,0.004743416490252569,0.023672421855491843,0.00037821424816684627,0.020958386037745663,0.0003577333943126467,0.01842328222351531,0.0003368986618586935,0.01608755092050353,0.00031571535766255235,0.013957974457647659,0.0002942956444580799,9.63134818949564e-06,7.980424036748029,0.018423282223519404,4.430500248938397,2.369472683787105e-05,7.980424036748029,0.29206998939188467,1.830299601410133,0.294316656021792,0.2931265151767878,0.2920699893918961,0.2910958270890224,0.29019059412692366
0.1,0.025,3,1.779483155233551,0.004743416490252569,0.023566918721347682,0.0003791171689792224,0.020864423303358262,0.00035865869692692425,0.01834419644135445,0.0003378345881616795,0.016021521097595852,0.0003166882028858308,0.013902033164239285,0.0002953452212358893,7.2846717864371485e-06,7.980424036748029,0.018344196441357347,4.390033738525771,1.9691584086671876e-05,7.980424036748029,0.2908162180347037,0.8897415776167755,0.29252525379274114,0.29162903266499873,0.2908162180347144,0.2900434417753801,0.2893030882432745
0.1,0.025,4,16.05949714631613,0.004743416490252569,0.023675710325956254,0.00038447690884168157,0.020973754879740028,0.00036421671532596155,0.018465311029416967,0.00034349520063269164,0.016173301883791975,0.0003222744065064025,0.014068384370271327,0.00030097176780357823,1.6652235976329052e-05,7.980424036748029,0.018465311029432642,4.809660103011296,1.9779294552903852e-05,7.980424036748029,0.2927362850469261,8.029748573158065,0.294410067039559,0.29337144049443503,0.29273628504694293,0.29246246828517614,0.2925634424336891
0.1,0.025,5,9.582944924819781,0.004743416490252569,0.0235858635586106,0.00037608558344892206,0.020877646136367084,0.0003555002364979824,0.01836265352572217,0.00033441138554398623,0.016056032739712605,0.0003128496361077221,0.013932935779896781,0.00029120457854008334,1.301426159054095e-05,7.980424036748029,0.01836265352573416,4.630484990833001,1.9491267903433646e-05,7.980424036748029,0.29110882390007964,4.7914724624098906,0.29282976901191665,0.2918397696225547,0.2911088239000938,0.290593494438385,0.29029735046419053
0.1,0.025,6,5.637073952551937,0.004743416490252569,0.02375191300815798,0.0003830484232406473,0.021044647121562177,0.0003626940245795941,0.018534637776660864,0.00034181876432884563,0.016225625569540554,0.0003205585342269458,0.014100628316659718,0.0002992406645131532,7.776716723886784e-06,7.980424036748029,0.018534637776667074,4.466603061249024,1.748120992752603e-05,7.980424036748029,0.2938353434060048,2.8185369762759684,0.2953329340221602,0.2945011860375504,0.2938353434060168,0.2932963349383677,0.29288534625064677
0.1,0.0125,0,-7.796154755020761,0.0033541019662496844,0.016855768522582915,0.00026809455813630223,0.014924186702881589,0.00025367572009481844,0.013131917080401227,0.00023887206786425325,0.011471986453263552,0.00022388411050203546,0.009954504924404185,0.00020875342699959407,5.49253538133793e-06,7.980424036748029,0.013131917080396103,5.88173312725025,2.3487594954609498e-05,7.980424036748029,0.29441711956033634,-3.8980773775103805,0.2965003640827512,0.2954786717619194,0.2944171195603443,0.29326786061774374,0.2920092382134367
0.1,0.0125,1,-27.449146158716484,0.0033541019662496844,0.01702720035213621,0.0002687046784715665,0.015098511878980675,0.0002541305352241993,0.013300596620199725,0.00023922077120025218,0.011623484234297383,0.00022421246720599747,0.010086517629763002,0.00020906791665295906,9.73196603694703e-06,7.980424036748029,0.013300596620190926,5.369016573942651,2.674221282018837e-05,7.980424036748029,0.2981989089160849,-13.724573079358242,0.3003537679005625,0.2994069668724674,0.29819890891608836,0.2966820480654101,0.29482011986327405
0.1,0.0125,2,7.756260737344124,0.0033541019662496844,0.016770494285890645,0.0002685538140097042,0.01485416421935371,0.00025407493796956245,0.01306419379482028,0.00023934722576522967,0.011415030225505926,0.00022437303745128726,0.00991118192511377,0.00020923246554149428,6.768275455185174e-06,7.980424036748029,0.01306419379482326,6.258082453652434,2.2622492448338205e-05,7.980424036748029,0.2928987658772073,3.878130368672062,0.2950390014203767,0.2939006140133866,0.29289876587721875,0.2919841756743006,0.29114543132339576
0.1,0.0125,3,3.5700484616785957,0.0033541019662496844,0.016694988672986705,0.00026921922580427996,0.014786978461478882,0.00025475666977261375,0.013007610957180234,0.00024003780317139275,0.011367554661405696,0.00022509317747262543,0.00987080364987514,0.00021000986039928067,5.094498225498613e-06,7.980424036748029,0.013007610957182234,6.1916092673833365,1.864563297770863e-05,7.980424036748029,0.2916301806453008,1.7850242308392978,0.29322407806078943,0.29238640299136404,0.2916301806453115,0.2909141213444103,0.29023244057272013
0.1,0.0125,4,32.659329817857056,0.0033541019662496844,0.016773418677123376,0.000273033666028089,0.014865728499559442,0.0002587116014454449,0.013094865106024665,0.00024406288679683545,0.011476918236454874,0.00022906032993368154,0.009989734125436028,0.00021400953459879723,1.2244746196420934e-05,7.980424036748029,0.01309486510603614,6.796289951964183,1.9209397869537096e-05,7.980424036748029,0.29358641559697635,16.329664908928528,0.295143530084135,0.2941612378099071,0.2935864155969931,0.29337901084446333,0.2935545410909316
0.1,0.0125,5,19.403328187189178,0.0033541019662496844,0.016709495702992155,0.0002670391670791934,0.014797246649886015,0.0002524867276698631,0.013021043643261055,0.00023758362299237845,0.011391912979221146,0.00022234797701548448,0.009892178873976159,0.00020705407869260473,9.316786300966033e-06,7.980424036748029,0.013021043643269663,6.536548557808781,1.8822637764368694e-05,7.980424036748029,0.29193134099542817,9.701664093594589,0.2935643891823333,0.2926178294348451,0.29193134099544216,0.2914631399980893,0.2912182828259945
0.1,0.0125,6,9.87848828008787,0.0033541019662496844,0.01682894656777711,0.00027200523750017076,0.014917139726678727,0.0002576180350995094,0.013145033058399844,0.00024286002367292543,0.011513951255705824,0.00022783783997805436,0.010012921446537827,0.0002127729273516949,4.942847993893174e-06,7.980424036748029,0.013145033058403529,6.267771803117827,1.6475044782715853e-05,7.980424036748029,0.294711179326437,4.939244140043935,0.296076451815412,0.2953198619351346,0.2947111793264487,0.2942136297108671,0.2938294012272762
0.1,0.00625,0,-12.700359121180886,0.0023717082451262844,0.011936979506090893,0.00019027580148602574,0.010573045658343503,0.00018008237738492623,0.009307107058660625,0.00016962194322585168,0.0081350349626118,0.00015902802241130022,0.0070631086944238815,0.00014833675296874654,3.360846407131127e-06,7.980424036748029,0.009307107058657503,8.34368921302307,2.2587759220806668e-05,7.980424036748029,0.2950968917385428,-6.350179560590443,0.29711371548393073,0.296117732340372,0.29509689173855097,0.2940046116166409,0.29282136901752137
0.1,0.00625,1,-57.61143245165599,0.0023717082451262844,0.012057757762750696,0.0001907071743928756,0.010696192813480792,0.0001804009335542612,0.009426779168817992,0.00016986023876526318,0.008242086813291005,0.00015925565516494936,0.007156455981555742,0.000148554142817471,7.222845116384108e-06,7.980424036748029,0.009426779168811458,7.530781258833683,2.56327886588483e-05,7.980424036748029,0.2988912896660301,-28.805716225827997,0.3009142644861308,0.30004213843370126,0.29889128966603323,0.2974163765908122,0.2955823372730824
0.1,0.00625,2,15.876906856977575,0.0023717082451262844,0.01187784380156562,0.00019060773260709204,0.010524615900240657,0.0001803718920030563,0.009260674272076696,0.00016996069110284347,0.00809612342816485,0.00015937589078089036,0.007034063517512872,0.00014867375126159681,4.726776236530095e-06,7.980424036748029,0.009260674272078795,8.834736377220638,2.1631665065342747e-05,7.980424036748029,0.29362466509412916,7.9384534284887875,0.2956605370494698,0.29457424636524354,0.29362466509414054,0.2927643914240627,0.2919837966019626
0.1,0.00625,3,7.454254542508683,0.0023717082451262844,0.01182389463837762,0.00019109604083496415,0.01047661603260683,0.00018087250106350113,0.009220145949968905,0.0001704691881876557,0.00806200356113742,0.00015990716085330101,0.007004941869078311,0.0001492474869971797,3.5809762018379363e-06,7.980424036748029,0.009220145949970334,8.740239448954195,1.7737044179969124e-05,7.980424036748029,0.29233964905142074,3.7271272712543415,0.29383049135226263,0.293044378491898,0.29233964905143145,0.29167684979272396,0.29105192415467573
0.1,0.00625,4,66.35509287599953,0.0023717082451262844,0.01188025551070892,0.0001938100863495787,0.010533275090399438,0.00018368488587814668,0.009282958624512436,0.00017332934421838682,0.00814070961925042,0.0001627229952113692,0.007089922591367296,0.0001520889815894116,9.008684967795124e-06,7.980424036748029,0.009282958624520837,9.605996497018392,1.8761991998885893e-05,7.980424036748029,0.2943312265528678,33.177546437999766,0.29578063770047935,0.29485022616546713,0.29433122655288463,0.29418547433766284,0.29443039165395135
0.1,0.00625,5,38.688287915614545,0.0023717082451262844,0.011834830972271821,0.0001895314882021031,0.010484461891521185,0.0001792439082973475,0.009229962676780308,0.0001687114917763211,0.008079200099982229,0.0001579460339515999,0.007019786942168963,0.00014713914848139,6.5624582654531634e-06,7.980424036748029,0.009229962676786383,9.221034481649012,1.818937218810102e-05,7.980424036748029,0.292650904262323,19.344143957807272,0.2941957947690914,0.29329445002580234,0.292650904262337,0.29222498011834125,0.29202300578689905
0.1,0.00625,6,17.231403081163727,0.0023717082451262844,0.01192063022190765,0.00019307087452292323,0.010570434315882126,0.00018290126571600954,0.009319163870972697,0.00017246794386165148,0.008166917656564876,0.0001618530289745881,0.007106580409341889,0.00015120679567611636,3.182349044688519e-06,7.980424036748029,0.00931916387097486,8.802153821597443,1.5570187502863325e-05,7.980424036748029,0.2954791724855755,8.615701540581863,0.29672144723919414,0.2960345093786375,0.2954791724855869,0.29502076223482243,0.2946624162801672
0.15,0.1,0,-1.339753098666176,0.009486832980505138,0.04775539671094437,0.0007504543281280833,0.042251140707506823,0.0007096015142950611,0.037144850408682685,0.0006675800331064476,0.032408726787099315,0.0006250445343832815,0.0280754789702065,0.0005820916613788733,1.9197254626874865e-05,7.980424036748029,0.03714485040866454,2.05648154062881,2.916648636626675e-05,7.980424036748029,0.2944343991802967,-0.669876549333088,0.29708293025324645,0.29579073146615703,0.29443439918030395,0.29295748911554226,0.2913273292214189
0.15,0.1,1,-3.3435231260671183,0.009486832980505138,0.048228042457834325,0.0007521669162413097,0.04272847045351733,0.0007109210824853938,0.0376063202974026,0.0006686176464495424,0.03282698176782576,0.0006260008436127973,0.028442482778861303,0.0005829919607005519,2.794555869892418e-05,7.980424036748029,0.0376063202973766,1.9045090368978983,3.2353491664712666e-05,7.980424036748029,0.2980923115942118,-1.6717615630335592,0.30085055817854583,0.2995936217361793,0.29809231159421534,0.29629008437089144,0.29414181149321794
0.15,0.1,2,0.6460305976641946,0.009486832980505138,0.047487385832241005,0.0007515833235069701,0.04202305043858441,0.0007106054659758121,0.036921610993273374,0.0006688377471817912,0.03221509181099396,0.0006263806815153097,0.027924324928667095,0.0005834056005686673,1.708525967724641e-05,7.980424036748029,0.03692161099327672,2.1940014612124634,2.806517482645022e-05,7.980424036748029,0.29266485744247683,0.3230152988320973,0.2953985021927341,0.29397335786548695,0.2926648574424876,0.29141449977323525,0.2901995717428057
0.15,0.1,3,0.6324564268150741,0.009486832980505138,0.04725847438684492,0.0007528287144872676,0.04182475119399883,0.000711795863922003,0.03674872398556733,0.0006700668859804915,0.03206928158749782,0.0006276510561843279,0.02779514925052617,0.0005848346984536212,1.7823976990604187e-05,7.980424036748029,0.03674872398557637,2.203248946254993,2.4558505293217472e-05,7.980424036748029,0.2912944418484363,0.31622821340753704,0.2936015019009567,0.29239325764802593,0.29129444184844716,0.29025254712723825,0.2892514931705955
0.15,0.1,4,3.842346521801281,0.009486832980505138,0.04748779885550213,0.000764083780077946,0.042058293067232064,0.0007234385617595989,0.037008418543410956,0.0006819066714441242,0.03238865397517436,0.0006393757223886463,0.028148111752501648,0.0005966214714267557,3.2055099654618275e-05,7.980424036748029,0.037008418543441356,2.3894997525732284,2.2426001833863304e-05,7.980424036748029,0.29335295090888286,1.9211732609006404,0.2955511729833431,0.29425417104557944,0.2933529509088992,0.2927975419591161,0.2925921353205021
0.15,0.1,5,2.161856644751462,0.009486832980505138,0.04732027842577977,0.0007476459522525967,0.041872948553152226,0.0007064073754458168,0.036810622846773576,0.0006641441466813361,0.03216150023533505,0.0006209389021673268,0.027882429967037742,0.000577528613119777,2.3052839038583463e-05,7.980424036748029,0.036810622846794976,2.295572749192975,2.3004662361894687e-05,7.980424036748029,0.29178509274115044,1.080928322375731,0.2940152031634772,0.2927773150185353,0.29178509274116404,0.29098743756176637,0.29037843439724265
0.15,0.1,6,1.6471793433752375,0.009486832980505138,0.0476459731280992,0.000761238693662244,0.04220282057604363,0.0007204300106024234,0.03714669295743881,0.000678621575123888,0.03249444584782825,0.0006360057154946357,0.0282108236120366,0.0005932567706305305,1.747609926125735e-05,7.980424036748029,0.03714669295745443,2.2437806051772013,2.179154566261761e-05,7.980424036748029,0.29444900442812383,0.8235896716876188,0.2965589318731694,0.2954057368400821,0.29444900442813615,0.2936405181570449,0.2929732403887466
0.15,0.05,0,-2.2547141755173903,0.006708203932499369,0.033837521368104036,0.0005340759623979861,0.029957242142253118,0.0005051893933434845,0.026355200703698217,0.00047551101934987833,0.02301567483729473,0.0004454619098619022,0.019959049792758015,0.0004151300264419141,1.1513005250915145e-05,7.980424036748029,0.02635520070368738,2.9168396910514787,2.7126226953811075e-05,7.980424036748029,0.29544133690113694,-1.1273570877586951,0.2979214031441393,0.296705368739784,0.2954413369011445,0.2940758429245768,0.29258023918514225
0.15,0.05,1,-7.091224350993575,0.006708203932499369,0.03417195949069876,0.000535276552620672,0.03029517174719707,0.000506110791138541,0.026683613208028152,0.0004762140822821307,0.02331191721477964,0.0004461184145752774,0.020218943966643352,0.0004157473587480254,2.0753710139877078e-05,7.980424036748029,0.026683613208008876,2.6651393999699966,3.013394226731252e-05,7.980424036748029,0.29912283530529593,-3.5456121754967875,0.30163599882074804,0.3005127205688529,0.299122835305299,0.2974138449459381,0.2953435094203462
0.15,0.05,2,1.403575584107396,0.006708203932499369,0.03365530119613219,0.0005349171998711092,0.029802239713093766,0.0005059488297344636,0.02620504458895462,0.00047643128756490383,0.02288652662830187,0.00044642942782230805,0.01986021967288374,0.000416068213020042,1.1861683499645405e-05,7.980424036748029,0.026205044588957394,3.096412927503479,2.5901351073946242e-05,7.980424036748029,0.29375808949283366,0.701787792053698,0.2962774885413516,0.2949588367453377,0.29375808949284443,0.29262050314159305,0.2915271691333108
0.15,0.05,3,1.1289509060304797,0.006708203932499369,0.033492405802671904,0.0005359036533199315,0.029660509154695536,0.0005069087618279529,0.026081839101312534,0.00047742120368943566,0.022782035599772106,0.0004474605560309569,0.01976837101234307,0.000417214519822164,1.1918847751784137e-05,7.980424036748029,0.026081839101318036,3.098517242451123,2.2364754851096937e-05,7.980424036748029,0.29237695814077247,0.5644754530152398,0.2944457410632953,0.29336175556665656,0.29237695814078324,0.2914429635056385,0.2905471314088087
0.15,0.05,4,8.017480522817197,0.006708203932499369,0.03365810637223359,0.000543902759770032,0.029829231457117744,0.0005151797726690371,0.02626884951283857,0.00048583040484588325,0.023012892351800783,0.00045576853071911666,0.020020427170748326,0.0004255798954845566,2.4358117744704106e-05,7.980424036748029,0.02626884951286163,3.3824975905485335,2.1041697375452135e-05,7.980424036748029,0.29447334156892035,4.008740261408598,0.29645971721146086,0.2952629811959749,0.2944733415689368,0.29404448856536,0.2939847390850556
0.15,0.05,5,4.129457365782475,0.006708203932499369,0.03353781788493824,0.0005320772361360233,0.029696033899992726,0.0005029313364643239,0.02612536789451979,0.00047307371801114106,0.022845093182846804,0.00044256686760616424,0.019827164355028078,0.0004119027360295815,1.5218447061120009e-05,7.980424036748029,0.02612536789453398,3.2265699304812516,2.1317891304490787e-05,7.980424036748029,0.2928649151480415,2.0647286828912375,0.29489260803180123,0.29376207222939194,0.2928649151480548,0.29215358364812494,0.2916247669342139
0.15,0.05,6,2.8591569306950193,0.006708203932499369,0.03377492287449379,0.0005418219212169726,0.029934744898993566,0.0005129933560765316,0.026369751864197905,0.00048344415800974307,0.02308754438583901,0.0004533453438464305,0.020065674339049756,0.00042314926280421865,1.0598940188963505e-05,7.980424036748029,0.026369751864206918,3.142061737786691,1.983501372290879e-05,7.980424036748029,0.29560445515493344,1.4295784653475097,0.2974720898444191,0.29645188150181173,0.2956044551549453,0.29488569086991273,0.2942910531988904
0.15,0.025,0,-3.692776159211175,0.004743416490252569,0.023965390845664014,0.00037974739641557874,0.021228900395792165,0.00035932479190092,0.018687300865950846,0.00033836310765675444,0.016331953516656332,0.00031713390211924133,0.01417533458857235,0.00029571348939462467,6.786521923497034e-06,7.980424036748029,0.018687300865944508,4.138937346046372,2.5368444368392213e-05,7.980424036748029,0.2962555585622894,-1.8463880796055876,0.2985867551374212,0.29743725478348654,0.29625555856229724,0.2949907748774947,0.2936178470877503
0.15,0.025,1,-14.81715302254147,0.004743416490252569,0.024201563533781535,0.0003805926367351002,0.021468084375124753,0.0003599674073300859,0.018920788423336648,0.00033883982593668814,0.016541676869045934,0.0003175845648851948,0.01435936533457201,0.00029613603555302473,1.5118273514824316e-05,7.980424036748029,0.01892078842332267,3.7374310567371842,2.8190911048247696e-05,7.980424036748029,0.2999571090015272,-7.408576511270735,0.3022549215690125,0.3012482036679127,0.29995710900153016,0.298332628392129,0.2963351166908084
0.15,0.025,2,3.391052767244663,0.004743416490252569,0.023841224248287336,0.000380366964500807,0.021123408453270258,0.00035989000084858864,0.018585954372568547,0.0003390316769308551,0.016245796092391487,0.0003178278624070353,0.014110837223230789,0.00029637770634588604,8.357395932207413e-06,7.980424036748029,0.018585954372571253,4.384351122529937,2.409941281981275e-05,7.980424036748029,0.2946488812674748,1.6955263836223315,0.29699166654217485,0.29575628143600624,0.2946488812674858,0.29361777978618464,0.29264773100849595
0.15,0.025,3,2.471228753329112,0.004743416490252569,0.023725319253631284,0.0003811354369189908,0.02102212431454819,0.00036064815348124375,0.018498141594678684,0.0003398125619832371,0.016171067159787698,0.00031864475923267053,0.014045322712910624,0.0002972803155804355,8.157232376977896e-06,7.980424036748029,0.01849814159468266,4.3757396658364245,2.054973403754696e-05,7.980424036748029,0.2932567581487371,1.235614376664556,0.2951283946771374,0.2941422653307328,0.29325675814874785,0.29242685361366993,0.29164334841657674
0.15,0.025,4,16.36970911411931,0.004743416490252569,0.02384447973822311,0.0003868183708644462,0.021143612719317043,0.0003665197689894357,0.018632874056094054,0.00034577695762571625,0.016337270861861146,0.0003245297393777883,0.014225187476254935,0.0003032119376910463,1.8027233191523154e-05,7.980424036748029,0.018632874056111037,4.780788198273354,1.989331345302544e-05,7.980424036748029,0.2953927135177424,8.184854557059655,0.2971749613941953,0.2960782361689157,0.2953927135177588,0.29507550932160415,0.29513844186886684
0.15,0.025,5,8.178216975247766,0.004743416490252569,0.023758205386646778,0.00037833064263615226,0.02104815381892877,0.0003577298796054775,0.01852896619434807,0.0003366357594961781,0.01621442281025908,0.0003150899685368442,0.014085035733558087,0.0002934325217843348,1.067404447410145e-05,7.980424036748029,0.01852896619435805,4.547649787819643,1.9916860115918905e-05,7.980424036748029,0.29374543005805975,4.089108487623883,0.2955972454783591,0.2945570679303961,0.2937454300580729,0.2931178020676403,0.29267347398564325
0.15,0.025,6,4.80599846856619,0.004743416490252569,0.023930135119886103,0.0003853067874433408,0.021220265965272385,0.00036493971752162414,0.018706151739190626,0.0003440529840083761,0.016390095235624232,0.00032279305823007754,0.014257871175664709,0.00030146328149982293,6.444554583916153e-06,7.980424036748029,0.01870615173919558,4.401282722124017,1.8075598045648914e-05,7.980424036748029,0.2965544072844446,2.402999234283095,0.29819342280162975,0.2972996721226144,0.296554407284456,0.2959172774117949,0.29538594946190116
0.15,0.0125,0,-5.951052581192559,0.0033541019662496844,0.01696753904219035,0.00026980977925780616,0.01503694207257324,0.00025537355431043103,0.01324318968701808,0.00024056749384231038,0.011581554487612626,0.00022556890688984,0.010059767400044342,0.00021043962012635593,4.052542469865425e-06,7.980424036748029,0.01324318968701434,5.871874940649812,2.384877287054492e-05,7.980424036748029,0.29691184749121985,-2.9755262905962794,0.2991090184892133,0.29801959480113205,0.29691184749122795,0.2957371508397533,0.29447361057297866
0.15,0.0125,1,-31.190144310756097,0.0033541019662496844,0.01713411608807203,0.00027040638143658273,0.015206313271497896,0.0002558203516467717,0.013409221144227039,0.00024088945831515763,0.011729975151084204,0.00022587834155205223,0.010189957770991085,0.0002107294211540865,1.115981343695926e-05,7.980424036748029,0.013409221144216764,5.237605963067369,2.6500569463247462e-05,7.980424036748029,0.3006342669282867,-15.595072155378048,0.3027325544869148,0.30183593512005935,0.3006342669282893,0.29908170961301317,0.2971407123028845
0.15,0.0125,2,7.740877009988805,0.0033541019662496844,0.01688247845325882,0.00027026479407085945,0.014965112637443241,0.0002557883377551125,0.013174728635132643,0.0002410488805951883,0.011523997296712253,0.00022606344230668296,0.01001778707837015,0.00021090641965390675,6.070458215011754e-06,7.980424036748029,0.013174728635134985,6.20678506137145,2.2565444991513637e-05,7.980424036748029,0.29537695311342016,3.8704385049944023,0.2975610393155828,0.29640095646010733,0.2953769531134313,0.29444003463307333,0.2935781377875263
0.15,0.0125,3,5.147928714379407,0.0033541019662496844,0.01680007816786396,0.0002708548613704477,0.014892719803213154,0.0002563777381013288,0.013112147775887048,0.00024165485391348297,0.011470580264388236,0.0002266993652544133,0.009970857210906797,0.00021160734053305428,5.609797804920252e-06,7.980424036748029,0.013112147775889864,6.177978480713923,1.8988244836372312e-05,7.980424036748029,0.2939738924478865,2.5739643571897033,0.29566508260515445,0.2947695305853075,0.2939738924478973,0.29323616850848094,0.2925501303063106
0.15,0.0125,4,33.16790075220003,0.0033541019662496844,0.016885661376012776,0.0002748886495494199,0.01497998914822881,0.0002605432690664527,0.013208983761584586,0.0002458827258498368,0.0115899720166102,0.00023086585738555832,0.010099054262457814,0.00021581068374005986,1.3201600812884764e-05,7.980424036748029,0.013208983761596951,6.755272960910559,1.900447475152956e-05,7.980424036748029,0.2961449518451585,16.583950376100017,0.2977403937379614,0.2967361981509833,0.29614495184517503,0.29592684442276335,0.2960967413654076
0.15,0.0125,5,16.44893924117057,0.0033541019662496844,0.016823975933910836,0.0002688072935384668,0.014911762108491306,0.00025424665573399897,0.013133942123824644,0.00023934389842057127,0.01150054175241062,0.00022412531929556794,0.00999780556776777,0.00020882827913691623,7.6121990190392825e-06,7.980424036748029,0.013133942123831776,6.418649476629953,1.877547347627191e-05,7.980424036748029,0.29446252096301023,8.224469620585285,0.2961618228842792,0.2951986719714506,0.29446252096302333,0.29391142052100694,0.2935470573796434
0.15,0.0125,6,8.4416066634363,0.0033541019662496844,0.01694800440208887,0.00027379746659756266,0.015035644421352117,0.00025940454614924944,0.013262036129982105,0.00024464209672497996,0.011627537266968383,0.00022962348830326117,0.010122643777596333,0.00021455695137292626,4.253352389481107e-06,7.980424036748029,0.013262036129985064,6.182641259754513,1.6627010660975658e-05,7.980424036748029,0.2973343840804618,4.22080333171815,0.29877846996328655,0.2979903537114278,0.297334384080473,0.2967733825244374,0.29630714133525904
0.15,0.00625,0,-9.316977078653178,0.0023717082451262844,0.012009628973696788,0.00019157659840607775,0.01064719355184883,0.00018137271679864308,0.009381020127579727,0.0001709136231786058,0.008208554272995095,0.00016031622449951682,0.007134633958233608,0.00014962876812994887,2.446673525356672e-06,7.980424036748029,0.00938102012757751,8.32956175051707,2.2513509554600526e-05,7.980424036748029,0.2974404252081466,-4.658488539326589,0.29951518722054166,0.298480711451013,0.2974404252081549,0.2963477309691965,0.29518357718722715
0.15,0.00625,1,-64.0920404385938,0.0023717082451262844,0.012127104999763152,0.00019199761634608722,0.010767195910429843,0.00018168240439832617,0.00949892552241634,0.00017113191943958473,0.008313512068619891,0.0001605292485525545,0.00722660666944024,0.0001498284373838332,8.025920516496898e-06,7.980424036748029,0.009498925522409008,7.3650608218937474,2.5041187870498255e-05,7.980424036748029,0.3011788065671181,-32.0460202192969,0.3031131395989619,0.302304603243108,0.3011788065671205,0.29969249216365657,0.2978101058182858
0.15,0.00625,2,17.017134978770645,0.0023717082451262844,0.011951200602726001,0.00019190852942324008,0.010598274142709018,0.00018167367184952592,0.009334751820846594,0.00017125760818207866,0.008170056559757655,0.00016066678761606138,0.007107184463535698,0.00014995647565199392,4.4219477644168935e-06,7.980424036748029,0.00933475182084852,8.78462762362584,2.1238598566530192e-05,7.980424036748029,0.29597341366355956,8.508567489385323,0.29801238039648487,0.2969217467545842,0.2959734136635708,0.29512080195676826,0.2943546503391925
0.15,0.00625,3,10.34265164492088,0.0023717082451262844,0.011892691943814404,0.00019235604933243874,0.01054661381102567,0.0001821252325931328,0.009290149564218015,0.00017172179820701785,0.00813179314173621,0.0001611558175759079,0.007073580265183401,0.00015049354320244244,3.9061784600673605e-06,7.980424036748029,0.009290149564219951,8.720695494944108,1.767018562960446e-05,7.980424036748029,0.29455922693371345,5.17132582246044,0.29608897503464626,0.29527534353829205,0.2945592269337241,0.2939012877446163,0.2932978191848102
0.15,0.00625,4,68.03487950230381,0.0023717082451262844,0.011954022649178352,0.00019521780649934604,0.010609090011603603,0.00018507964218461597,0.009359551431111546,0.00017471780174217372,0.008217590602962462,0.000164102808506037,0.007164903543890384,0.00015347037401715387,9.833394425938312e-06,7.980424036748029,0.009359551431120694,9.562466871686482,1.843680840799555e-05,7.980424036748029,0.29675972544244783,34.017439751151905,0.2981930147228253,0.29726643422697624,0.2967597254424644,0.296635712855087,0.2969122166971111
0.15,0.00625,5,33.32314870934435,0.0023717082451262844,0.011909954191131892,0.0001908680128275983,0.010560284713791402,0.00018057752988745064,0.00930543131616099,0.00017004805162048814,0.008152583674546807,0.0001592971203746269,0.007091957443078462,0.0001484913951074352,5.430006782469832e-06,7.980424036748029,0.009305431316166079,9.067178310748247,1.78233739015864e-05,7.980424036748029,0.2950437596108578,16.661574354672176,0.29660542627765135,0.2957110413075671,0.2950437596108708,0.29456392062561265,0.2942754490327589
0.15,0.00625,6,14.472879664334185,0.0023717082451262844,0.011999177347186299,0.00019443349811790002,0.010649374767703616,0.00018426169954364994,0.009397889115678671,0.00017382751119883848,0.00824413839335091,0.00016321763124496963,0.007181922134832139,0.0001525738354001278,2.7851211271421197e-06,7.980424036748029,0.009397889115680354,8.687549305818543,1.536540750913093e-05,7.980424036748029,0.297975283776392,7.236439832167092,0.29924088669516125,0.2985502205557096,0.2979752837764028,0.2974817569451649,0.29707127000077177
0.2,0.1,0,-1.2249305333846,0.009486832980505138,0.04799354311913974,0.0007532417250948277,0.04248700393159838,0.0007123518847127667,0.03737492935504577,0.0006703049629148619,0.032631950218175144,0.0006277311996787071,0.02828565393462324,0.0005847699720847165,1.676102760696757e-05,7.980424036748029,0.037374929355029875,2.0505302208076825,2.9786624220833937e-05,7.980424036748029,0.2962581555177651,-0.6124652666923,0.2990289281657502,0.29766991750888666,0.29625815551777224,0.2947361497786246,0.29307027236737493
0.2,0.1,1,-3.9065011232887334,0.009486832980505138,0.048451817124811405,0.0007548818925854142,0.04294954271236079,0.0007136147748829097,0.0378272703712046,0.0006712401867987419,0.033039228352162824,0.0006286103445108705,0.02864488438916198,0.000585579301812903,3.356028711096894e-05,7.980424036748029,0.03782727037117302,1.8568351235577787,3.257366499155142e-05,7.980424036748029,0.2998437065119838,-1.9532505616443667,0.30256952625647365,0.30135474123537664,0.29984370651198616,0.2979810866874903,0.29571951920389444
0.2,0.1,2,0.3636055312465399,0.009486832980505138,0.04772641130777473,0.000754312325297718,0.04225549235485993,0.0007133375431305826,0.037150199604909534,0.0006715284649529407,0.03243425707265053,0.0006290572676381952,0.02813618609478612,0.0005860232315461194,1.6590934394284893e-05,7.980424036748029,0.0371501996049081,2.163056764984011,2.8467443931616298e-05,7.980424036748029,0.2944768004112785,0.18180276562326994,0.297265256930431,0.2958254033212315,0.2944768004112886,0.2931609219991177,0.2918527348953764
0.2,0.1,3,0.827963987798165,0.009486832980505138,0.047480181051870414,0.0007553633019035937,0.042045716319848686,0.0007142724159278648,0.03696289673289211,0.0006725261019673575,0.03227661849763977,0.000630071602888179,0.027992028942244028,0.0005872243086426988,2.0209722163227705e-05,7.980424036748029,0.03696289673290403,2.2030075092036245,2.5356478032256526e-05,7.980424036748029,0.29299211524021007,0.4139819938990825,0.2954443595375245,0.2941539598728554,0.2929921152402212,0.2919047873664445,0.29087481175526836
0.2,0.1,4,3.945610138038481,0.009486832980505138,0.047728072684301195,0.0007671701097123359,0.04229890169723495,0.000726470870609794,0.037244558110300245,0.0006849075687808177,0.03261904640264265,0.0006423341702390539,0.028367565659477283,0.0005995521203341715,3.440820826330614e-05,7.980424036748029,0.037244558110332886,2.3823993285936185,2.2743947948060206e-05,7.980424036748029,0.2952247476918952,1.9728050690192405,0.29752365462244973,0.296171266018256,0.29522474769191137,0.2946333342779258,0.29440007758256165
0.2,0.1,5,1.925334405632107,0.009486832980505138,0.0475651673911741,0.0007505495408330712,0.04211490663891996,0.0007092773495170701,0.03704441712567104,0.0006670135777885507,0.03238201204548291,0.0006238381658972843,0.028091822635799978,0.0005804188298079448,2.0436267113224496e-05,7.980424036748029,0.03704441712569029,2.267135738799887,2.377747993842222e-05,7.980424036748029,0.2936382992362908,0.9626672028160534,0.29599784501749715,0.29470526202068537,0.2936382992363038,0.29274461654837747,0.2920148675655774
0.2,0.1,6,1.5550981169005527,0.009486832980505138,0.047903502914145045,0.0007641789173320503,0.042455413338204635,0.0007233488677949692,0.03739109712320766,0.0006815298652756148,0.03272710909252409,0.0006389139764765795,0.028430910952054318,0.0005961527849248855,1.632668214595717e-05,7.980424036748029,0.03739109712322239,2.2240454680812873,2.2630800582280203e-05,7.980424036748029,0.29638631183179787,0.7775490584502763,0.29863976194430003,0.29741823375340715,0.2963863118318098,0.29549434874068586,0.2947325517530336
0.2,0.05,0,-1.6813309933508898,0.006708203932499369,0.033987065690845586,0.0005365108878542744,0.030108810368563065,0.0005076023818736607,0.026505018470181614,0.00047792695468654997,0.023164499561550474,0.00044786100203860504,0.020102331497798248,0.00041753778701798523,8.397232030417222e-06,7.980424036748029,0.02650501847017373,2.925255442019433,2.7224454440605344e-05,7.980424036748029,0.2971207914315693,-0.8406654966754449,0.2996837684674772,0.2984131032725679,0.29712079143157716,0.2957528196958543,0.2942811091841003
0.2,0.05,1,-8.075966983624097,0.006708203932499369,0.034311644427430094,0.0005376712839508825,0.03043710374088346,0.0005084880509741791,0.02682832571391585,0.0004785556429060972,0.023454031026032596,0.0004484625255361467,0.020357389643770353,0.00041809178775471475,2.3841316566373946e-05,7.980424036748029,0.02682832571389352,2.6053704352606175,2.9724348195844582e-05,7.980424036748029,0.30074505995406936,-4.0379834918120485,0.3031653936726397,0.30211168149362777,0.30074505995407164,0.2990150199002435,0.29687835820987746
0.2,0.05,2,1.0915353538542285,0.006708203932499369,0.03380750970253942,0.0005373298013423705,0.029953262717182988,0.0005083688282692238,0.026356516425818165,0.00047883291603279074,0.02303563483105205,0.0004488248714954753,0.020007452250109716,0.000418436186648055,1.114119228304004e-05,7.980424036748029,0.026356516425818627,3.065163295520703,2.5652467563818515e-05,7.980424036748029,0.29545608612311175,0.5457676769271143,0.2979680144150701,0.29666053080867844,0.2954560861231222,0.29430076052844806,0.29317498626018085
0.2,0.05,3,1.6665329059277356,0.006708203932499369,0.033633711857653056,0.000538228444744662,0.02980375121061311,0.0005092105208647888,0.026223691294749354,0.00047972212979218966,0.022923163514305282,0.0004497428266913463,0.019906114209570964,0.00041948691476694644,1.3368572965666191e-05,7.980424036748029,0.026223691294757052,3.1059126154328363,2.2533027439151414e-05,7.980424036748029,0.2939671187372771,0.8332664529638678,0.29610849934125083,0.29497586846782203,0.29396711873728815,0.29303336298747695,0.29216240564499096
0.2,0.05,4,8.172859034876323,0.006708203932499369,0.0338113731342913,0.0005465880068938096,0.029985911880781667,0.0005178351150862355,0.02642615146352263,0.0004884701581744619,0.023169819599217586,0.00045838819061557243,0.02017282444096683,0.0004281957843796791,2.5951768890053788e-05,7.980424036748029,0.026426151463547178,3.3714283650671124,2.0836182862343484e-05,7.980424036748029,0.29623669367275013,4.0864295174381615,0.29823371816985156,0.2970284012362621,0.2962366936727664,0.2958127647657753,0.29576499772985154
0.2,0.05,5,3.724853868782838,0.006708203932499369,0.03369351757177299,0.0005345939703070673,0.029852889228889987,0.0005054315309640569,0.02627984462456911,0.00047558266964851394,0.02299396949576218,0.00044510592768733965,0.01997166327739484,0.00041444906414008496,1.3715595181786185e-05,7.980424036748029,0.026279844624582063,3.190771949580523,2.1476726462052463e-05,7.980424036748029,0.29459659657815673,1.862426934391419,0.2966778558557588,0.29552955560483485,0.2945965965781695,0.2938312559755487,0.29322816879496394
0.2,0.05,6,2.5997431364304786,0.006708203932499369,0.03394023551983496,0.0005443933572998237,0.030099575766690104,0.0005155594529245212,0.026532696944249246,0.0004860079425452769,0.023245904760762385,0.000455918469989237,0.020218611846398497,0.00042572703185575527,9.62914066719639e-06,7.980424036748029,0.02653269694425731,3.1120737657979376,1.9965772929883677e-05,7.980424036748029,0.29743106663980917,1.2998715682152393,0.29934826993065977,0.2983090589220839,0.29743106663982066,0.296670062798651,0.2960199776110574
0.2,0.025,0,-2.4979109176965864,0.004743416490252569,0.024056883233395155,0.00038168143323490735,0.021323791795141916,0.0003612463278178212,0.01878271278911594,0.00034029477274521286,0.016428601868130565,0.0003190621779304362,0.014270512744816949,0.0002976539447286707,4.6349789666153565e-06,7.980424036748029,0.018782712789111707,4.154846334610773,2.499976576631669e-05,7.980424036748029,0.29776815328071166,-1.2489554588482932,0.3001247803063126,0.29894922996056045,0.2977681532807198,0.2965308736051986,0.29521379395499314
0.2,0.025,1,-16.665825554247235,0.004743416490252569,0.02428666541024133,0.0003825004722118873,0.02155728901687231,0.00036185994212292136,0.01901331143361506,0.0003407183774334044,0.016633987543573016,0.00031947552594574404,0.014451145339701692,0.0002980352602677906,1.6990473795481674e-05,7.980424036748029,0.019013311433599276,3.658970961737009,2.738756989932897e-05,7.980424036748029,0.3014239048906719,-8.332912777123617,0.30358639390213626,0.3026693892284235,0.30142390489067394,0.2998034394779457,0.2977681431005274
0.2,0.025,2,3.4317113220628386,0.004743416490252569,0.023935461480728695,0.00038229686512101683,0.021219538773601176,0.00036182010834954163,0.018683842289351656,0.00034095862413807535,0.01634449229884235,0.0003197525770558881,0.014210122746898557,0.0002982914922899581,8.178118797336093e-06,7.980424036748029,0.0186838422893539,4.363255416250022,2.3479581998130563e-05,7.980424036748029,0.29620072867823666,1.7158556610314193,0.2985031157145124,0.2972880848823664,0.2962007286782476,0.2951905859788319,0.2942431609607599
0.2,0.025,3,3.540430489733046,0.004743416490252569,0.023812947724643138,0.00038303081619572204,0.021112686865195462,0.0003625356685280922,0.018589676050636876,0.00034170592661361476,0.01626413250863567,0.0003205327455753621,0.014138373402251422,0.00029916783674554213,9.100610282728755e-06,7.980424036748029,0.018589676050642243,4.38816161190993,2.0255956094361815e-05,7.980424036748029,0.2947078821806413,1.770215244866523,0.29658725849325585,0.2955854315969662,0.29470788218065236,0.2939099924503134,0.29318396681409875
0.2,0.025,4,16.91290595192331,0.004743416490252569,0.023940290502443506,0.0003889422862884313,0.021243402364959904,0.0003686294049583648,0.018734948463410103,0.0003478820998147047,0.016441353848858847,0.00032662500505081554,0.014327820502805424,0.00030531489268176634,1.954065198304768e-05,7.980424036748029,0.018734948463428464,4.7746508205616385,1.9520680491045728e-05,7.980424036748029,0.2970109306573748,8.456452975961655,0.2987479284485331,0.2976683304660525,0.29701093065739126,0.2967340712325828,0.29685078727437675
0.2,0.025,5,7.542765848601707,0.004743416490252569,0.023855163997061262,0.00038031723917147605,0.021147604066083667,0.0003597105461603448,0.01862854459133931,0.0003386291173570063,0.01631220237577686,0.0003171100636190097,0.014181858465364836,0.00029546493929776793,9.814692109047929e-06,7.980424036748029,0.018628544591348585,4.504827980997453,1.9662217699451015e-05,7.980424036748029,0.2953240771742378,3.7713829243008536,0.29717324550800084,0.29614183780554976,0.2953240771742506,0.29467602877449406,0.29419603613364903
0.2,0.025,6,4.360965723848786,0.004743416490252569,0.024033916807930097,0.00038735126871855167,0.02132556455600587,0.0003669844672343485,0.018812163404382982,0.0003461008154067126,0.016495115882153334,0.0003248521591731963,0.014361153270032309,0.00030353306725221756,5.967009273025482e-06,7.980424036748029,0.018812163404387384,4.363413986126106,1.773930812270601e-05,7.980424036748029,0.2982350429905223,2.180482861924393,0.2998575999503114,0.2989774759401794,0.2982350429905334,0.29759073176962986,0.29704177040887847
0.2,0.0125,0,-3.928082984868314,0.0033541019662496844,0.017022403468084108,0.0002712642352429348,0.01509519964515173,0.0002568218646445429,0.013302938750339692,0.00024202622136476701,0.01164319901808648,0.0002270308542889765,0.010121845339133283,0.00021191311688819483,2.837671282811034e-06,7.980424036748029,0.013302938750337208,5.889829447499626,2.3087196150706383e-05,7.980424036748029,0.29825141939167044,-1.964041492434157,0.3004167037863212,0.29933233290251277,0.29825141939167876,0.2971263149472318,0.2959371517052754
0.2,0.0125,1,-33.77793041159221,0.0033541019662496844,0.017184989330248656,0.000271841796651987,0.015261254222567246,0.00025724566210621807,0.013466998208364127,0.00024231371492356883,0.01178872389965872,0.00022731552153609755,0.010249584945633659,0.00021217645843329443,1.1985582564806179e-05,7.980424036748029,0.01346699820835313,5.154742468514982,2.5419835776664234e-05,7.980424036748029,0.3019296266762618,-16.888965205796104,0.30388119901851857,0.30307378356632936,0.3019296266762637,0.30040546806906004,0.298464437858676
0.2,0.0125,2,8.419321555159053,0.0033541019662496844,0.016939933803206977,0.0002717198180774889,0.015025079307966299,0.0002572441668329482,0.013236962221185906,0.00024250596509300113,0.011588199209926984,0.00022752032643380486,0.010083331400961733,0.00021236191032089592,5.996701087180414e-06,7.980424036748029,0.013236962221188328,6.193514467191107,2.1619752404660603e-05,7.980424036748029,0.29677222792619606,4.2096607775795265,0.29887428418721596,0.29775227985338903,0.2967722279262071,0.2958868933664766,0.29508598445178336
0.2,0.0125,3,6.750393073822143,0.0033541019662496844,0.016853488222788107,0.00027230254876616796,0.014949203213679988,0.0002578234098551988,0.013170362897957238,0.00024310896862234324,0.011530725041291249,0.000228156941216847,0.01003229798975369,0.00021306878593687863,6.217870527534498e-06,7.980424036748029,0.013170362897960761,6.186775957453263,1.836694083855391e-05,7.980424036748029,0.29527907343936194,3.3751965369110715,0.2969225721349187,0.2960424338097378,0.29527907343937293,0.2945916549910448,0.2939758034204693
0.2,0.0125,4,34.66945567084726,0.0033541019662496844,0.01694455260173283,0.0002764811738673506,0.015042423128317911,0.00026213085614734867,0.013274088976049859,0.0002474705338342151,0.011657835725889475,0.00023244870600151146,0.010166889585964437,0.0002174051254878619,1.4499644090454089e-05,7.980424036748029,0.013274088976063376,6.759151202387817,1.8621846937819485e-05,7.980424036748029,0.29760460846606257,17.33472783542363,0.2991096255688954,0.2981431038172385,0.2976046084660791,0.29745614449115076,0.29771474844318524
0.2,0.0125,5,15.168181816795919,0.0033541019662496844,0.016883259329093733,0.00027029551271211185,0.014973538450213323,0.00025573593078296626,0.013196943639507843,0.00024084463393155256,0.01156348030761229,0.00022564816109320578,0.01006130457678595,0.00021036389404647222,6.933767805613206e-06,7.980424036748029,0.013196943639514395,6.361399057056753,1.8181564963434502e-05,7.980424036748029,0.29587501273109407,7.584090908397959,0.2975179195943033,0.2965908323553946,0.2958750127311068,0.29532983515220745,0.29495685192520554
0.2,0.0125,6,6.895308839183048,0.0033541019662496844,0.017012189006091933,0.0002753359647898913,0.015101782929344916,0.00026094711370420255,0.013329937886903015,0.00024618849537728877,0.011695744442652402,0.0002311830007827604,0.010191060873832297,0.00021612638070486642,3.6637337045870566e-06,7.980424036748029,0.013329937886905181,6.117848808117076,1.5872069825198263e-05,7.980424036748029,0.29885673908492333,3.447654419591524,0.30021766937178956,0.299480672679194,0.29885673908493393,0.2983103777150725,0.2978414842822596
0.2,0.00625,0,-5.577583545559959,0.0023717082451262844,0.012041884121416156,0.00019263375508805927,0.010682551937724084,0.00018242532939401014,0.009417917606382609,0.0001719767235837328,0.008247277767688375,0.00016138547401185817,0.007174380319573498,0.0001507087211029543,1.7053711439614612e-06,7.980424036748029,0.009417917606381271,8.355066013562162,2.1535198881033922e-05,7.980424036748029,0.2986103194877926,-2.7887917727799794,0.3006184158261745,0.2996074619041331,0.29861031948780126,0.2975818031639913,0.2965052665398509
0.2,0.00625,1,-68.52658167200444,0.0023717082451262844,0.012156898122577389,0.00019304064249763545,0.01080031085173524,0.0001827205189431327,0.009534495373771594,0.00017217238018253016,0.008350402646381951,0.00016158111519770345,0.007264805227625935,0.00015088969911262795,8.52295568056094e-06,7.980424036748029,0.009534495373763847,7.2642444982144365,2.3683327611045463e-05,7.980424036748029,0.30230660626989,-34.26329083600222,0.30406776717388867,0.30335973080444856,0.3023066062698918,0.3008680197134228,0.2990097008603916
0.2,0.00625,2,19.327208687790044,0.0023717082451262844,0.011985927804257413,0.00019296429686551395,0.01063504349015632,0.0001827341738838532,0.00937371500457103,0.0001723205872416573,0.00821122368585564,0.00016173005152834126,0.007149756223530185,0.00015102287130326782,4.2643839510760865e-06,7.980424036748029,0.009373715004573156,8.78552594323641,2.0073313650667727e-05,7.980424036748029,0.29720880446081926,9.663604343895022,0.29913134067170916,0.29809352077303825,0.2972088044608307,0.29643280369744657,0.29575885577122973
0.2,0.00625,3,13.504463905276092,0.0023717082451262844,0.011924747822442185,0.00019341875444382612,0.01058142421556885,0.00018318811509828464,0.009326645539590374,0.00017279413340813183,0.008170156613072339,0.00016223440308963757,0.007113476506353472,0.0001515781880956199,4.410647644303124e-06,7.980424036748029,0.00932664553959284,8.736866617830714,1.690164181868656e-05,7.980424036748029,0.2957163908972981,6.752231952638046,0.2971668461226822,0.29638475366221384,0.29571639089730917,0.29512399074182794,0.2946061479584987
0.2,0.00625,4,69.67251791750367,0.0023717082451262844,0.011989681828552302,0.0001963724309646997,0.010647631534848953,0.00018623372696819547,0.009400671789229806,0.00017587289101477017,0.008261162014811271,0.00016525763649573858,0.007209131150958915,0.0001546359560688836,1.0503319458363984e-05,7.980424036748029,0.009400671789239505,9.551108547725361,1.79569093615893e-05,7.980424036748029,0.2980635129450049,34.836258958751834,0.29935236224791517,0.29849466872812946,0.29806351294502137,0.2980242650751334,0.2983972482163886
0.2,0.00625,5,29.607117591927892,0.0023717082451262844,0.011945678509860858,0.0001919459487982148,0.010598258211007893,0.00018165827653133254,0.00934492717630767,0.0001711380630349596,0.008192540658202734,0.00016040608529798608,0.0071329764862163745,0.00014961192045100934,4.7531913145453885e-06,7.980424036748029,0.00934492717631216,8.972845917987595,1.693840078560949e-05,7.980424036748029,0.2962960397761334,14.803558795963946,0.29775062502434285,0.29692123902926204,0.296296039776146,0.2958373805594344,0.29554941741982976
0.2,0.00625,6,12.070737001390503,0.0023717082451262844,0.012038368182739982,0.00019555192400986997,0.010690419635650867,0.00018538527497200368,0.00944074183581307,0.00017495592314527644,0.008287943697026425,0.00016435671215730236,0.007226518810281462,0.0001537226649671243,2.5399079076419654e-06,7.980424036748029,0.009440741835814306,8.611525426330978,1.4444828184792744e-05,7.980424036748029,0.299333998620261,6.0353685006952515,0.30048244925425,0.2998581726497554,0.2993339986202714,0.2988777224863788,0.29849181890674137
0.25,0.1,0,-0.9591111393027809,0.009486832980505138,0.04814210316080937,0.0007560606713207831,0.04264002178055798,0.0007151446905061464,0.037527419805550126,0.0006731104719499844,0.03278536203922136,0.0006305241503908816,0.02843539809512553,0.0005875770009364428,1.2829088092211414e-05,7.980424036748029,0.03752741980553798,2.0585789373751853,2.961212667172889e-05,7.980424036748029,0.2974668946480107,-0.47955556965139046,0.3002823889972256,0.2988889874747471,0.29746689464801823,0.2959584818187221,0.29433114034739144
0.25,0.1,1,-4.369741161053103,0.009486832980505138,0.04858868186109189,0.0007576251326880533,0.043091366639028274,0.0007163328105703739,0.03797394587613844,0.0006739229887584593,0.03318406087264372,0.0006313091314841123,0.028787345769621428,0.0005882875853911088,3.754803286206369e-05,7.980424036748029,0.03797394587610304,1.8196431085353417,3.205917321012258e-05,7.980424036748029,0.30100635257714314,-2.1848705805265514,0.30362262640496135,0.30248449395304183,0.3010063525771447,0.2991349344967466,0.2968222657970715
0.25,0.1,2,0.20921688776883854,0.009486832980505138,0.04788123451115339,0.0007570879453359749,0.042410792951784286,0.0007161216428639579,0.03730777209927782,0.0006742950438150106,0.03259073326299875,0.0006318243550845947,0.02829209663687592,0.0005887679616337757,1.6706831999871442e-05,7.980424036748029,0.03730777209927365,2.1443445346890098,2.8029416757609833e-05,7.980424036748029,0.2957258231478207,0.10460844388441927,0.29847587646677654,0.29706273732616123,0.29572582314783036,0.29440773848936014,0.29308330391040227
0.25,0.1,3,1.0931047136613958,0.009486832980505138,0.047624714878174546,0.0007580865422487261,0.04219357184102689,0.0007169780589633181,0.037111082494888946,0.0006752326833982387,0.03242658620592089,0.0006327566847880828,0.028139494827115228,0.0005899096194314505,2.2066802931696935e-05,7.980424036748029,0.03711108249490392,2.211072539500712,2.5200205711173216e-05,7.980424036748029,0.29416673259151116,0.5465523568306979,0.2966497522104033,0.2953320461928547,0.29416673259152254,0.2930997984143746,0.2921151859984396
0.25,0.1,4,4.044127110571415,0.009486832980505138,0.047885484175627845,0.0007703032916760644,0.042461800730112735,0.0007295735807894337,0.037409308739831344,0.0006880029079628204,0.03278507400504758,0.0006454149281095854,0.028531668149812957,0.0006026256243516944,3.62064189583197e-05,7.980424036748029,0.0374093087398657,2.379206974225249,2.2479473741894315e-05,7.980424036748029,0.2965306690265455,2.0220635552857074,0.2988216827904224,0.29746912258198654,0.29653066902656167,0.2959561869110238,0.2957492948147872
0.25,0.1,5,1.7772484634878758,0.009486832980505138,0.04772476381752038,0.0007534235449757396,0.042277292852987564,0.0007121349454994946,0.03720485035339141,0.0006698928554976463,0.03253715769543407,0.0006267639401783018,0.028244511057734116,0.0005833541466526787,1.8791898376396407e-05,7.980424036748029,0.03720485035340922,2.248610230931659,2.3868639938059672e-05,7.980424036748029,0.2949099980180143,0.8886242317439379,0.29730044632252234,0.29599909868706775,0.2949099980180268,0.29398084971065,0.29320098445445497
0.25,0.1,6,1.3745692919015677,0.009486832980505138,0.04807577348003576,0.0007671632873043002,0.04262759019168565,0.0007263405726345781,0.03756358909582898,0.0006845152195708096,0.03289612304364903,0.0006419148734506455,0.028594876272562214,0.0005991701145308834,1.46399343274621e-05,7.980424036748029,0.03756358909584178,2.2029724645868836,2.2430282890401297e-05,7.980424036748029,0.2977535961191989,0.6872846459507839,0.2999990202024367,0.2987899487716032,0.2977535961192105,0.2968409547030428,0.2960413545293329
0.25,0.05,0,-1.2525414257148968,0.006708203932499369,0.03407096436072509,0.0005388171587874686,0.03019871494553762,0.0005098947678011807,0.02659746468336553,0.0004802368248743367,0.023260262634739716,0.00045017612351836453,0.020199105900772726,0.0004198713883110144,6.2007417796423904e-06,7.980424036748029,0.026597464683359846,2.933869039655085,2.6526424189771975e-05,7.980424036748029,0.298157111857364,-0.6262707128574484,0.30069173006545796,0.299426020455342,0.2981571118573721,0.2968318388952129,0.29542390140408586
0.25,0.05,1,-8.868906877749858,0.006708203932499369,0.0343888349197114,0.0005399283966674912,0.03052112461740323,0.000510726875763767,0.026917695395189838,0.00048078666132313766,0.02354469654709612,0.0004507184603280695,0.020449427134571603,0.0004203659829887438,2.6011810707167287e-05,7.980424036748029,0.026917695395165493,2.5603374912980548,2.8785132769045866e-05,7.980424036748029,0.30174689251115355,-4.434453438874929,0.3040183691976311,0.30305819469331463,0.3017468925111551,0.30003648951949075,0.2978840730397025
0.25,0.05,2,1.2565880481828458,0.006708203932499369,0.03389730761775957,0.0005396210315982114,0.030047180521702594,0.0005106614138899967,0.026453910186047827,0.000481130059124158,0.023136165722471763,0.00045112319395511423,0.020110533946979512,0.00042073029364796393,1.1168331972290705e-05,7.980424036748029,0.026453910186048448,3.0613985786245492,2.485371521396637e-05,7.980424036748029,0.29654786846435205,0.6282940240914229,0.2989986822179707,0.2977187255678543,0.2965478684643625,0.2954335578229977,0.2943577185471513
0.25,0.05,3,2.1231736369132665,0.006708203932499369,0.033717508234978356,0.0005405263936139178,0.029892345899142667,0.0005115071122082272,0.02631547346650577,0.000482028502874496,0.02301900669054183,0.00045204745041826135,0.020003670589258823,0.0004218016480585494,1.4366260943992577e-05,7.980424036748029,0.026315473466515187,3.115618407059822,2.188622330581116e-05,7.980424036748029,0.29499599527032944,1.0615868184566333,0.2970956985352169,0.29597414558191565,0.2949959952703407,0.2941133877723819,0.29331610199640684
0.25,0.05,4,8.46829275058555,0.006708203932499369,0.03390403436521662,0.0005491260440193218,0.03008442925535885,0.0005203649577383632,0.02652880483451759,0.0004910033793829738,0.023276743985887742,0.00046091711212794395,0.02028052233102322,0.0004307383658185619,2.7728760910391593e-05,7.980424036748029,0.026528804834543774,3.372928578965826,2.0357022817271908e-05,7.980424036748029,0.29738743615828905,4.234146375292775,0.2993148270232068,0.2981384055149324,0.2973874361583055,0.2970175399753896,0.29703884357570526
0.25,0.05,5,3.57936447631474,0.006708203932499369,0.03378619948366023,0.0005369366941809111,0.029950465220511736,0.0005077668504670632,0.026378808673942614,0.00047794222621329384,0.02309272129127127,0.00044750334419059955,0.02007143390997331,0.00041686713029502105,1.3365929913955771e-05,7.980424036748029,0.02637880867395529,3.1729907094132233,2.111130986859404e-05,7.980424036748029,0.2957059818331093,1.78968223815737,0.2977600083543427,0.29662901014282916,0.2957059818331217,0.2949440249247989,0.29433775725390093
0.25,0.05,6,2.37852082192245,0.006708203932499369,0.03404192761014321,0.0005468339749141414,0.030204318700673184,0.0005180077636659749,0.026640290844805122,0.000488462788174744,0.023354378919343124,0.00045839117137211707,0.02032720478048613,0.00042821785489765895,8.900309683114306e-06,7.980424036748029,0.026640290844812294,3.090177004193791,1.934580826299193e-05,7.980424036748029,0.2986371923749069,1.189260410961225,0.30049102565226576,0.2994891544729629,0.29863719237491804,0.29789226371381516,0.2972486256142047
0.25,0.025,0,-1.8219198986468625,0.004743416490252569,0.024102987999829243,0.000383422492809671,0.021375302003782962,0.0003629831990391644,0.018837454384801316,0.00034204933093397324,0.01648697638554109,0.00032082900542921894,0.014331456044321384,0.00029943894540097573,3.568559594918602e-06,7.980424036748029,0.018837454384798294,4.163769327410323,2.3960204463478752e-05,7.980424036748029,0.298635988722708,-0.9109599493234313,0.30091206107004564,0.2997699480692192,0.29863598872271646,0.2974610361784608,0.29622375867780876
0.25,0.025,1,-17.804980764078334,0.004743416490252569,0.02432871752704557,0.0003842112464828769,0.021605523676011713,0.0003635611135117996,0.01906620292737015,0.0003424240297707665,0.01668940486730042,0.00032120378609611463,0.014508982164413696,0.00029978406175812464,1.7898845379227145e-05,7.980424036748029,0.01906620292735359,3.611615303064634,2.6129024078899773e-05,7.980424036748029,0.3022624100947029,-8.902490382039167,0.3042563931996151,0.3034378241265104,0.30226241009470445,0.3006863839957007,0.2986710409239368
0.25,0.025,2,3.9329945485242623,0.004743416490252569,0.023985973884695835,0.00038403841118241663,0.021274660739272637,0.0003635625256631544,0.01874284148543443,0.0003427088222164462,0.016407474641499813,0.00032150667126404483,0.014276251553115498,0.00030005061061382773,8.327642411836563e-06,7.980424036748029,0.018742841485437204,4.365609108722378,2.2373520442028294e-05,7.980424036748029,0.29713606117573166,1.9664972742621312,0.29933375938989054,0.2981663980274391,0.29713606117574265,0.2961942167013443,0.2953287194770432
0.25,0.025,3,4.108351273336703,0.004743416490252569,0.023860155590335427,0.0003847996060639669,0.021164858362560865,0.00036430625795297875,0.018645411761950184,0.00034349057971955405,0.016323659913636823,0.0003223281218153293,0.014200972258557635,0.00030097545736792656,9.78816805380282e-06,7.980424036748029,0.01864541176195632,4.3932167171736785,1.934119010662088e-05,7.980424036748029,0.2955914776450514,2.0541756366683517,0.2973774135679831,0.29641678135832195,0.2955914776450627,0.2948586118354086,0.2942126336833734
0.25,0.025,4,17.43471203123065,0.004743416490252569,0.02399334405991157,0.0003908513517554751,0.021301376974470838,0.00037054169389238957,0.01879749227778508,0.0003497993599419496,0.01650857002510204,0.0003285433224355716,0.014396906797675054,0.0003072515346387263,2.0707897709663035e-05,7.980424036748029,0.018797492277804452,4.776943198342453,1.8958615691835274e-05,7.980424036748029,0.2980024570846257,8.717356015615325,0.29961344774051013,0.29859208495707873,0.2980024570846423,0.2978051102328426,0.2980155536277521
0.25,0.025,5,7.202829493393966,0.004743416490252569,0.023907744771832135,0.00038208271538823574,0.021204540064390844,0.00036147924956719693,0.018688086019578793,0.0003404177663444435,0.01637325858879257,0.00031892967462309883,0.014245275824448619,0.0002973051076313129,9.378698210661966e-06,7.980424036748029,0.018688086019587682,4.480591422007458,1.895003107354651e-05,7.980424036748029,0.29626800584575197,3.601414746696983,0.2980346034954184,0.2970490909558364,0.2962680058457645,0.2956489843992442,0.29519111572078993
0.25,0.025,6,3.845055278135042,0.004743416490252569,0.024092618113967682,0.0003891978708770076,0.021387876878882564,0.0003688395176067043,0.018878012940173078,0.0003479647842767783,0.01656311184829291,0.00032673473767251733,0.014430993866585523,0.00030543356598813963,5.447078174317066e-06,7.980424036748029,0.018878012940176752,4.332507706992112,1.68021208083586e-05,7.980424036748029,0.2992789760414372,1.922527639067521,0.3007856695371701,0.2999703015831677,0.2992789760414481,0.29867416424344356,0.2981540898558207
0.25,0.0125,0,-2.1381857208790103,0.0033541019662496844,0.017046655733332836,0.0002725229333727969,0.015124115780788917,0.0002580774923711738,0.013334599388243759,0.00024329947426371602,0.011678178747905325,0.00022831618353987078,0.010159388698154404,0.00021321554163396652,2.0282983389505673e-06,7.980424036748029,0.013334599388242425,5.915366764979943,2.1915815476738053e-05,7.980424036748029,0.29896124978112726,-1.0690928604395051,0.30102840817725995,0.29998388870034615,0.2989612497811359,0.2979145562725314,0.29682673547389715
0.25,0.0125,1,-35.747966227904726,0.0033541019662496844,0.017206892416124227,0.00027308039059031365,0.015287924569256532,0.00025848165457377276,0.013497585890220615,0.00024355589652190354,0.011821944008742624,0.0002285758731364447,0.010285448303578311,0.00021345366585342364,1.2584776968657822e-05,7.980424036748029,0.013497585890209102,5.097635449060804,2.3889985776416707e-05,7.980424036748029,0.30261540142879295,-17.873983113952363,0.304371971714126,0.3036746625692838,0.3026154014287945,0.3011539756682352,0.2992552199361572
0.25,0.0125,2,9.513189456606074,0.0033541019662496844,0.01696794891109835,0.0002729774394846559,0.015056680745543569,0.00025850757994415606,0.013272040775908775,0.00024377678897961175,0.011626944270897577,0.00022879574982987298,0.010124911360377659,0.00021364567262851763,5.986576307722273e-06,7.980424036748029,0.01327204077591159,6.201931760549004,2.033933698747769e-05,7.980424036748029,0.2975586878906271,4.756594728303037,0.29952196975485507,0.2984643796941522,0.29755868789063844,0.29676001946846653,0.2960609792487565
0.25,0.0125,3,8.07510368036744,0.0033541019662496844,0.016879477229389712,0.0002735939818876586,0.014979391189548524,0.0002591183701797612,0.013203538063702804,0.0002444191925954298,0.011567207936983721,0.00022947941102693868,0.010071780345541837,0.0002144035525804617,6.865709319983793e-06,7.980424036748029,0.013203538063706978,6.201022182665879,1.739871166108253e-05,7.980424036748029,0.29602285948980217,4.03755184018372,0.29755229924259957,0.2967227232462651,0.2960228594898132,0.29541384064972126,0.2948939617314901
0.25,0.0125,4,35.26015641022329,0.0033541019662496844,0.016974172231763493,0.00027785567987284626,0.015075937508043171,0.00026351161361831015,0.01331170730296525,0.0002488555288230798,0.011699473106488828,0.0002338375534595685,0.010210493690166888,0.0002188117073777087,1.5164114971706562e-05,7.980424036748029,0.013311707302979267,6.755378157580279,1.8068683952895056e-05,7.980424036748029,0.2984480100338192,17.630078205111644,0.29978043484124517,0.2988982989183529,0.2984480100338358,0.29839439790886757,0.2987573481714018
0.25,0.0125,5,14.006099727339203,0.0033541019662496844,0.01691235179481945,0.0002715676981389097,0.015006251275804457,0.0002570136554038756,0.013232359550938932,0.00024213748072100027,0.011600657072492387,0.00022696642397593194,0.010100875174211285,0.00021170064513230136,6.403982080129158e-06,7.980424036748029,0.013232359550945007,6.319522061988386,1.7226399370621078e-05,7.980424036748029,0.2966690362210516,7.0030498636696015,0.29818296981510967,0.2973280049085956,0.296669036221064,0.2961676361554158,0.2958264625237959
0.25,0.0125,6,6.898636404156452,0.0033541019662496844,0.01704533974996538,0.0002766716923074485,0.015138194040341665,0.00026229047378319457,0.013369384497343692,0.00024754229282812385,0.011737832883340972,0.00023254997957159482,0.0102350394231105,0.00021751124099802268,3.8316778294602184e-06,7.980424036748029,0.013369384497345918,6.1003523993940485,1.4921091017187617e-05,7.980424036748029,0.29974113070507136,3.449318202078226,0.30097200169338006,0.3003011034020701,0.2997411307050819,0.2992587676675983,0.2988558152001524
0.25,0.00625,0,-2.5760054708724947,0.0023717082451262844,0.012054042308157844,0.00019351758919500692,0.01069827524828321,0.00018330802189087645,0.00943593576005458,0.00017287293352260703,0.008267939351392988,0.00016229233574005403,0.007197253590981333,0.00015162942152201664,1.3888569843219142e-06,7.980424036748029,0.00943593576005396,8.38605151728915,2.0231617100632404e-05,7.980424036748029,0.29918161421021977,-1.2880027354362473,0.30106401428965224,0.3001084961941239,0.2991816142102286,0.2982402421955245,0.29727071532304
0.25,0.00625,1,-71.06991906717303,0.0023717082451262844,0.012167815439063449,0.00019390978238298157,0.01081467355993056,0.0001835907958396422,0.009551852336558208,0.00017304906978764885,0.008370134230504575,0.00016247068812003112,0.007286765184378581,0.000151793067807716,8.745119192151573e-06,7.980424036748029,0.009551852336550268,7.209165986702262,2.197093578201564e-05,7.980424036748029,0.3028569368652098,-35.534959533586516,0.30441526822734766,0.30381735260358894,0.3028569368652115,0.30149675283207467,0.29970478968026404
0.25,0.00625,2,20.421298268540603,0.0023717082451262844,0.012000944714470926,0.000193846952343849,0.01065280305261276,0.00018362267018056145,0.009394334400568792,0.00017321466290520603,0.008234686860611408,0.00016262957543643544,0.007175600836307005,0.0001519299687633028,4.164535495326322e-06,7.980424036748029,0.009394334400571015,8.784098851352066,1.86723977035776e-05,7.980424036748029,0.2978625757809671,10.210649134270302,0.29961282532394895,0.2986594698507562,0.2978625757809784,0.2971805515139159,0.2966097322250889
0.25,0.00625,3,16.18972844817652,0.0023717082451262844,0.011938624595083745,0.00019433174847766893,0.01059836390316498,0.00018410676454737565,0.00934607585089565,0.00017372446710190072,0.008192352395973306,0.00016317448895386324,0.007138146848636997,0.00015252921439814967,4.756014461920023e-06,7.980424036748029,0.00934607585089854,8.761297540929036,1.587895555402441e-05,7.980424036748029,0.29633246036288885,8.09486422408826,0.2976432894636689,0.2969246073186598,0.29633246036290006,0.2958313806296169,0.2954230202346909
0.25,0.00625,4,70.53504798849936,0.0023717082451262844,0.012005959874167957,0.00019733272046200872,0.010666721585398496,0.00018720150982230315,0.009423051402180695,0.00017684412618580687,0.008286758091288246,0.00016623275558122936,0.007236366038977642,0.00015562651225989213,1.0960373658591097e-05,7.980424036748029,0.009423051402190678,9.544610869822854,1.7550507977073e-05,7.980424036748029,0.29877309479235886,35.26752399424968,0.29986112496061285,0.29910300816602514,0.2987730947923753,0.2988399410635951,0.29932702868768235
0.25,0.00625,5,28.835488697949504,0.0023717082451262844,0.01196132467617547,0.00019283691635057294,0.0106167350687701,0.0001825544235882685,0.009365612469437975,0.0001720463564557091,0.00821508718657958,0.0001613314701820452,0.00715740754671018,0.0001505536461356482,4.7101961481974275e-06,7.980424036748029,0.009365612469442437,8.941983684970833,1.6024854348819058e-05,7.980424036748029,0.29695190047151115,14.417744348974752,0.29826576911608643,0.2975100696567404,0.29695190047152364,0.29655593091018323,0.29632813800750996
0.25,0.00625,6,11.614671325591617,0.0023717082451262844,0.012056711406953809,0.00019649011887983546,0.01071136267548646,0.00018632997683669438,0.009464190373544054,0.00017590893959824614,0.008313582847695985,0.00016532096155031853,0.007253989365463967,0.0001547003862026529,2.584881340803606e-06,7.980424036748029,0.009464190373545235,8.583535652410454,1.343528631047023e-05,7.980424036748029,0.30007747245768457,5.807335662795809,0.3010686049097109,0.3005255298410865,0.3000774724576949,0.29969474760046877,0.2993819732698042
0.3,0.1,0,-0.6361101309594402,0.009486832980505138,0.04823113325194363,0.000758832363793046,0.042737683250320006,0.000717895423252608,0.037628143432297166,0.0006758937536177695,0.03289177676427354,0.0006333108780024347,0.028543869573992298,0.0005903916513385033,8.354109211437552e-06,7.980424036748029,0.03762814343228936,2.0731841668354174,2.8943408099911907e-05,7.980424036748029,0.2982652960468454,-0.3180550654797201,0.301068582304911,0.2996670153478913,0.29826529604685353,0.29680632683399727,0.2952596368688183
0.3,0.1,1,-4.6456408038044605,0.009486832980505138,0.0486704905448032,0.0007603148923553777,0.043182211270733316,0.0007190003611652633,0.03807165503426557,0.0006765864601327383,0.0332845498724979,0.000634002110094165,0.028890175072372192,0.0005910075948553388,3.93575037123737e-05,7.980424036748029,0.0380716550342285,1.7969504158221423,3.115370267196342e-05,7.980424036748029,0.301780859324393,-2.3228204019022303,0.3042683901838709,0.30320812976700917,0.3017808593243942,0.29993548120943236,0.29762464780899167
0.3,0.1,2,0.3861795533778463,0.009486832980505138,0.04797852576122265,0.0007598349758385591,0.042513883478787706,0.0007188705668730207,0.03741547844613545,0.0006770546264966052,0.03270395157364816,0.0006345802938504037,0.028409036864718462,0.000591524386969919,1.6187391002265416e-05,7.980424036748029,0.037415478446132716,2.1493231120880427,2.723866011106551e-05,7.980424036748029,0.2965795741570843,0.19308977668892316,0.29927958800149546,0.2978840664333266,0.29657957415709424,0.2953098380406265,0.29405155448705256
0.3,0.1,3,1.2159341395227843,0.009486832980505138,0.047718031964469824,0.000760868152259162,0.0422925888363299,0.00071976787075323,0.037215305245111095,0.0006780302022217632,0.032536323900485775,0.0006355570983732502,0.028252188534861677,0.0005927247747215167,2.2477709427893406e-05,7.980424036748029,0.037215305245127166,2.212790258496306,2.4416162244499995e-05,7.980424036748029,0.2949928703334937,0.6079670697613921,0.2974111897435292,0.29612096873697613,0.2949928703335053,0.2939742060025454,0.2930506696737467
0.3,0.1,4,4.12422088380057,0.009486832980505138,0.04798801904658243,0.0007733525173622385,0.042571312538207,0.0007326227789478509,0.03752465166214286,0.0006910582035345059,0.032905980000836714,0.0006484725184953225,0.028655103641907473,0.0006056984552901194,3.736513288090195e-05,7.980424036748029,0.0375246516621783,2.3777178589809083,2.1866690792777727e-05,7.980424036748029,0.29744495253171976,2.062110441900285,0.2996580436597299,0.29834159760775053,0.29744495253173603,0.29691948733519896,0.29677037404102885
0.3,0.1,5,1.7498543650646992,0.009486832980505138,0.04782629848516806,0.0007561997839519186,0.04238545870636572,0.0007149020585844125,0.0373147900227917,0.0006726958764406193,0.032647430836768514,0.0006296165737118425,0.02835718262706813,0.000586231214196145,1.8891882956707012e-05,7.980424036748029,0.0373147900228095,2.2406083193322606,2.354832975720211e-05,7.980424036748029,0.2957814518036622,0.8749271825323496,0.2981494284442851,0.29686089416468237,0.2957814518036746,0.2948594963354733,0.29408456160058505
0.3,0.1,6,1.3694486433600177,0.009486832980505138,0.048188507622065106,0.0007700967624957128,0.042744910353812865,0.0007292829727013783,0.03768479117925601,0.0006874711305725527,0.03301992613326461,0.0006448884996989771,0.028719412792121788,0.0006021703862642185,1.4789420414568318e-05,7.980424036748029,0.037684791179268796,2.1958562695243886,2.1849853594406892e-05,7.980424036748029,0.298714323170745,0.6847243216800089,0.3009059576744687,0.29972458983660183,0.29871432317075647,0.29782730688276793,0.2970536727399509
0.3,0.05,0,-0.8401973574303029,0.006708203932499369,0.03411540115499117,0.0005409655235646081,0.030250890190095768,0.0005120379157377863,0.026654154928373794,0.0004824091570849672,0.023322542980307958,0.00045236696011864637,0.020265879866900597,0.00042208714847516833,4.551396103086691e-06,7.980424036748029,0.026654154928370043,2.9458145963453006,2.5488214319020464e-05,7.980424036748029,0.2987926085080389,-0.42009867871515144,0.30124901711097135,0.30001384126953273,0.29879260850804723,0.297533566865444,0.29621284209036614
0.3,0.05,1,-9.260824191949405,0.006708203932499369,0.034429121040889576,0.0005420320952219763,0.030570067903226104,0.0005128178617423509,0.026972933479043972,0.0004828888430429361,0.023604119090682184,0.0004528508705546539,0.020512698563246546,0.0004225288263749503,2.6597411236124397e-05,7.980424036748029,0.02697293347901917,2.5368892879921967,2.7539904826251168e-05,7.980424036748029,0.30236611046077483,-4.630412095974703,0.3044817241148186,0.3036095379392544,0.30236611046077605,0.3007059458936553,0.29858754284906314
0.3,0.05,2,1.685804001390988,0.006708203932499369,0.03394779420678951,0.000541772075431517,0.030104443311535212,0.0005128129017132856,0.026516515660472712,0.0004832967508693041,0.023205190194775915,0.0004532931995068536,0.020184266021559073,0.00042291221600057805,1.1304538074945782e-05,7.980424036748029,0.026516515660474922,3.0733576150763238,2.3750787690399273e-05,7.980424036748029,0.2972496747328693,0.842902000695494,0.2996048291699529,0.2983639005893403,0.29724967473288005,0.2962113100564397,0.2952334560884399
0.3,0.05,3,2.4081599623422223,0.006708203932499369,0.033766002224389975,0.0005427374397735395,0.029947545287145494,0.0005137252361185683,0.02637587479209056,0.00048426735748640206,0.02308512629358132,0.0004543024412327881,0.02007485908987971,0.00042407344954258834,1.526715614342019e-05,7.980424036748029,0.02637587479210093,3.1213555167144778,2.0917754300626148e-05,7.980424036748029,0.29567309306906303,1.2040799811711111,0.2976736005848082,0.29659610989062685,0.2956730930690745,0.2948584434457817,0.2941442910263794
0.3,0.05,4,8.574185759150918,0.006708203932499369,0.033958705648493,0.000551477267661754,0.03014533173776194,0.0005227286475731753,0.026596410369174473,0.0004933744847206745,0.023350791647025186,0.000463295811601696,0.0203581686575609,0.0004331421111699844,2.84257493892537e-05,7.980424036748029,0.02659641036920121,3.370029403683009,1.9599406579862483e-05,7.980424036748029,0.29814529301415876,4.287092879575459,0.29993172250088773,0.29882457840089544,0.2981452930141751,0.2978518459865514,0.2979566861548909
0.3,0.05,5,3.514512138055789,0.006708203932499369,0.0338394262889636,0.0005390925777472174,0.030009926329151834,0.0005099275778658617,0.02644218381198327,0.00048013108517742676,0.023159102532406797,0.00044973156615960957,0.02014164790278519,0.0004191244622736539,1.3318403374307852e-05,7.980424036748029,0.026442183811995847,3.1629026393542907,2.037280616669645e-05,7.980424036748029,0.29641641601722013,1.7572560690278944,0.2983850478862667,0.2972989781068822,0.2964164160172324,0.29569200697374604,0.2951214833692971
0.3,0.05,6,2.3040501524447135,0.006708203932499369,0.03410259257276848,0.0005491141202169427,0.030270299033994297,0.0005203002861641614,0.026711498920315515,0.0004907697193491389,0.02342980240402895,0.00046071912548266517,0.020405790155122446,0.0004305725901361917,8.83338802228699e-06,7.980424036748029,0.026711498920322426,3.0789288596069815,1.8392860232076875e-05,7.980424036748029,0.2994354336504488,1.1520250762223567,0.30117416596640306,0.3002325037597112,0.2994354336504599,0.29874204579802455,0.29814811273454367
0.3,0.025,0,-0.9477208127822371,0.004743416490252569,0.024123301198462656,0.0003849858735020704,0.021402012142412323,0.0003645449519317998,0.018868264978378485,0.0003436359998968621,0.01652281188844707,0.00032243300786032573,0.014371529248391269,0.00030106612022916474,2.649436543183203e-06,7.980424036748029,0.018868264978376945,4.184312757968108,2.2730991815482818e-05,7.980424036748029,0.29912443858905063,-0.47386040639111854,0.30129263640401965,0.3001955149237691,0.29912443858905935,0.29803203853602733,0.2968998843363819
0.3,0.025,1,-18.55668154469499,0.004743416490252569,0.02434707876195315,0.00038574503471107104,0.021630334499618868,0.0003650940187096955,0.019096305597647932,0.00034396917588655224,0.01672344160310546,0.0003227748623994006,0.014547223077823409,0.00030137815457156067,1.8564979266721292e-05,7.980424036748029,0.019096305597630817,3.5814423888166247,2.4648123786486736e-05,7.980424036748029,0.3027396370340655,-9.278340772347494,0.3045499558483756,0.30383308233431716,0.3027396370340667,0.3012286663990558,0.2992632860573322
0.3,0.025,2,4.513927188177456,0.004743416490252569,0.024011353695084902,0.0003856028322853656,0.021305260234064382,0.0003651346741535341,0.01877844990297057,0.0003442923799253279,0.0164485506876041,0.00032309728714987717,0.014321626522648777,0.0003016552356456298,8.336872151375264e-06,7.980424036748029,0.018778449902974035,4.375802571411368,2.105465981081388e-05,7.980424036748029,0.29770057242872455,2.256963594088728,0.2997550947930167,0.29865395891522256,0.29770057242873577,0.2968487493039383,0.29608936023776306
0.3,0.025,3,4.624005268608327,0.004743416490252569,0.023884526063412712,0.000386424612936524,0.021194882637439176,0.0003659398238223452,0.01867989976083612,0.000345145040010602,0.016362985925715962,0.00032400109745072916,0.014245120872147164,0.00030266469779769475,1.0477761126466805e-05,7.980424036748029,0.018679899760842847,4.401534254578824,1.8284594144350943e-05,7.980424036748029,0.2961382265547584,2.3120026343041635,0.2977970090625289,0.29689520558353005,0.2961382265547698,0.2954852876445078,0.29493351305602394
0.3,0.025,4,17.75251703565634,0.004743416490252569,0.024021250296512215,0.0003925525378896141,0.02133437646670453,0.00037225593634198457,0.018836256367232403,0.0003515214094178952,0.016553156810494348,0.00033027241880066846,0.014444697855784889,0.00030900670948264095,2.1542910788643762e-05,7.980424036748029,0.018836256367252394,4.778234281206762,1.8364241063543058e-05,7.980424036748029,0.29861699618012916,8.87625851782817,0.30005488258458385,0.2991178786018992,0.29861699618014576,0.29851554539162856,0.29883196738511514
0.3,0.025,5,6.8947042560658,0.004743416490252569,0.02393446618528826,0.00038364790489055353,0.02123633777894165,0.0003630533270528441,0.01872394921594598,0.0003420122749780052,0.01641238612508333,0.0003205552068618113,0.014287962042980235,0.0002989579509402902,9.109286162556276e-06,7.980424036748029,0.01872394921595461,4.46278826885754,1.7970206924871388e-05,7.980424036748029,0.29683655618631394,3.4473521280329,0.29847027770719603,0.29755576294411795,0.2968365561863262,0.29627248027424713,0.2958641966767835
0.3,0.025,6,4.03815409724794,0.004743416490252569,0.024124101831078795,0.00039085732920008537,0.02142417155165999,0.0003705094181938813,0.01891878492252581,0.0003496502172779642,0.016608225981532578,0.0003284368233096069,0.014479304831046815,0.0003071605771145251,5.9000690881559e-06,7.980424036748029,0.018918784922529856,4.329504180551255,1.581423758250551e-05,7.980424036748029,0.29992534688398764,2.01907704862397,0.3012980130040812,0.30054857141871816,0.29992534688399836,0.29939298081642385,0.29895194346134324
0.3,0.0125,0,-0.6854275938153123,0.0033541019662496844,0.017054869436440537,0.00027361551791738444,0.015137114236408393,0.0002591706357164924,0.013350877902602091,0.00024441178449422304,0.011698299076502024,0.00022944372479039344,0.010183015080279053,0.00021436123527391728,1.8870029108066537e-06,7.980424036748029,0.01335087790260164,5.940333675912372,2.0611564311550603e-05,7.980424036748029,0.2993262135011245,-0.34271379690765613,0.30126350913101163,0.3002767731208765,0.29932621350113353,0.2983679428209243,0.2973878871831435
0.3,0.0125,1,-36.174450408329925,0.0033541019662496844,0.01721421835446477,0.00027415352516992156,0.015299926365994632,0.0002595573697010913,0.01351351757792817,0.00024464341267684404,0.011841436114003913,0.0002296802269531817,0.010308205193932584,0.00021457772143275764,1.253116179811533e-05,7.980424036748029,0.013513517577916748,5.081214408345826,2.2240859633529206e-05,7.980424036748029,0.30297258930744797,-18.087225204164962,0.30454804606539254,0.30394505750138423,0.30297258930744947,0.3015931585464151,0.2997740802276876
0.3,0.0125,2,10.034446046797113,0.0033541019662496844,0.01697991588487204,0.0002740704626465325,0.015072505266044426,0.0002596088966499501,0.013291922878180155,0.0002448861930092932,0.011650942751919238,0.00022991320987752792,0.010152393903498499,0.00021477516234868398,5.85113990775014e-06,7.980424036748029,0.013291922878183142,6.204544959619563,1.8932337579729474e-05,7.980424036748029,0.2980044439250094,5.017223023398556,0.299792470752342,0.2988209594996234,0.29800444392502073,0.2973008158683995,0.29670570842141597
0.3,0.0125,3,8.953561541845469,0.0033541019662496844,0.016890979596439523,0.00027473776480888316,0.014995019061897262,0.00026027176758419213,0.01322282032305675,0.0002455880350718868,0.011590385783915684,0.0002306629812085593,0.010098753820782869,0.00021560173255173794,7.1715431805548525e-06,7.980424036748029,0.013222820323061239,6.21174220806811,1.629918152249803e-05,7.980424036748029,0.29645516706705377,4.476780770922734,0.297831771257706,0.297074892839911,0.29645516706706504,0.2959361688615198,0.2955191352828943
0.3,0.0125,4,35.058252098534425,0.0033541019662496844,0.016987979150858288,0.00027903699235321385,0.015093358965983399,0.00026470622634776965,0.013333840904851933,0.0002500545369733562,0.011725995570201733,0.00023504435969978242,0.010239553228970112,0.0002200406403820464,1.543270297439327e-05,7.980424036748029,0.013333840904865986,6.741010063341678,1.7531944598047505e-05,7.980424036748029,0.29894424461046865,17.529126049267212,0.30006374198510777,0.2992908571283814,0.298944244610485,0.2989920374286318,0.29945706844407227
0.3,0.0125,5,14.397700625878677,0.0033541019662496844,0.01692496625555888,0.00027266020142193234,0.015022823772086025,0.0002581135176415995,0.013252088107246797,0.00024325427085157542,0.011623536248912297,0.0002281031177588238,0.010126577144766271,0.00021285995410792713,6.75742339694021e-06,7.980424036748029,0.013252088107253203,6.319280287962515,1.6365083067065735e-05,7.980424036748029,0.29711134976033016,7.198850312939339,0.2984897865220833,0.2977014534445805,0.2971113497603426,0.29668322020809645,0.2964220282298613
0.3,0.0125,6,6.682593522707771,0.0033541019662496844,0.01706106297038581,0.0002778317185629762,0.01515764759670555,0.0002634594586466349,0.013392495451819598,0.0002487227752691684,0.011764262781567263,0.00023374577899762296,0.010264519528670734,0.00021872413543590696,3.8176312206468e-06,7.980424036748029,0.013392495451821723,6.085309983339415,1.3871443280182744e-05,7.980424036748029,0.3002592774924293,3.3412967613538855,0.30132551003345487,0.30073943007272275,0.3002592774924398,0.2998543040892456,0.2995285881825225
0.3,0.00625,0,-0.7800492025649752,0.0023717082451262844,0.012056811718353487,0.00019425832267128967,0.01070417984156453,0.00018405289269783057,0.009444365817706878,0.00017363093373371405,0.008279127256012916,0.00016306250255323013,0.007211049979745892,0.00015241338047295734,1.3982612165377094e-06,7.980424036748029,0.009444365817706628,8.406707747971605,1.8875666452475856e-05,7.980424036748029,0.29944890283114123,-0.3900246012824876,0.3011808189541861,0.3002966480283891,0.29944890283115033,0.29859676985711103,0.2977294921687033
0.3,0.00625,1,-70.51895327188285,0.0023717082451262844,0.012169929958075795,0.00019464069756021604,0.010820191535857228,0.00018432368975204077,0.009560112377490675,0.00017379216758682374,0.008381152513820616,0.00016322525386658083,0.007300093096224978,0.00015256347122306706,8.420666387171663e-06,7.980424036748029,0.009560112377483079,7.210603975716021,2.02909293565783e-05,7.980424036748029,0.3031188348308766,-35.259476635941425,0.30450553176030704,0.3039931634845681,0.3031188348308783,0.30184783706502766,0.3001509483998895
0.3,0.00625,2,20.352697254400745,0.0023717082451262844,0.012006014673743431,0.0001945911421682543,0.010660699299467787,0.00018437292848829987,0.009405299343966327,0.0001739702061365488,0.008248597472958369,0.00016339222571926999,0.007191995572338082,0.00015270299302921046,3.977448953978364e-06,7.980424036748029,0.009405299343968538,8.773163065303997,1.7250320217152696e-05,7.980424036748029,0.29821023705683986,10.176348627200372,0.29976500947554285,0.29891109833842816,0.2982102370568513,0.297623859697285,0.2971512337871531
0.3,0.00625,3,17.89091838796792,0.0023717082451262844,0.011943487556465963,0.00019511499665810642,0.010606298454933558,0.0001848965937958568,0.0093566947938431,0.00017452588866691862,0.008205847498673879,0.00016398710524368355,0.007154521443484751,0.00015335276156959714,5.007486552177821e-06,7.980424036748029,0.00935669479384622,8.778343636336219,1.4881949872875544e-05,7.980424036748029,0.2966691511345389,8.94545919398396,0.2978193741446454,0.297177471389139,0.29666915113455017,0.2962614672958487,0.29595910150177657
0.3,0.00625,4,69.320733385979,0.0023717082451262844,0.012012401391035012,0.0001981325568773166,0.010675848275932992,0.00018801056887250537,0.009435515375019354,0.0001776576152709779,0.008302219960751075,0.00016705421346985654,0.007253829960300184,0.0001564639101955393,1.1016732968057999e-05,7.980424036748029,0.009435515375029237,9.514443253859193,1.719141839440589e-05,7.980424036748029,0.29916828522266037,34.6603666929895,0.3000374187664474,0.2993938424794528,0.29916828522267674,0.2993326570911317,0.299913200828238
0.3,0.00625,5,29.902999299987243,0.0023717082451262844,0.011966833227610076,0.00019357893877750644,0.010625055889768331,0.00018330290018032174,0.00937627327814676,0.00017280735563035747,0.008228167985340585,0.00016210649373814574,0.007172730181299777,0.00015134452936385845,4.963458580120536e-06,7.980424036748029,0.009376273278151468,8.949095004142901,1.5280380775739294e-05,7.980424036748029,0.2972899186648795,14.951499649993622,0.2984618629092944,0.2977752382656274,0.29728991866489207,0.29697280343516935,0.29683236581134165
0.3,0.00625,6,10.676502642504651,0.0023717082451262844,0.012064277869491366,0.00019727863574064408,0.010721558694003519,0.00018712637887988818,0.009477172519029319,0.0001767131792923437,0.008329056217076915,0.00016613673921771213,0.007271782431539039,0.00015552902219068967,2.5966399330367085e-06,7.980424036748029,0.009477172519030326,8.55732204602409,1.2430113227608626e-05,7.980424036748029,0.3004890923903451,5.338251321252326,0.3012987182941717,0.3008504241385948,0.30048909239035526,0.3001878159694394,0.29995356248838057
0.35,0.1,0,-0.2901343885651497,0.009486832980505138,0.04828235702752066,0.0007614907688737564,0.04279896984620105,0.0007205460352698877,0.03769455315775714,0.0006785891394100017,0.032966548323359234,0.0006360209397695418,0.028624802720735535,0.000593131866083429,4.550109451560575e-06,7.980424036748029,0.03769455315775341,2.0911769670048126,2.802458026844244e-05,7.980424036748029,0.2987917030023612,-0.14506719428257486,0.3015488715390293,0.300155249544236,0.29879170300236985,0.2974020443654985,0.29595852755351904
0.35,0.1,1,-4.731351943622006,0.009486832980505138,0.0487166221838364,0.0007629093920766704,0.04324016474370702,0.0007215696923615264,0.0381372318929547,0.0006791735945915694,0.033356134721961424,0.0006366220469036813,0.028966555115250488,0.0005936677927105762,3.8800279242111416e-05,7.980424036748029,0.03813723189291829,1.78797599946849,3.001484586983501e-05,7.980424036748029,0.30230066443266607,-2.365675971811003,0.3046621060233072,0.30366975754495673,0.3023006644326672,0.3005057496454476,0.2982392321947116
0.35,0.1,2,0.6597150694722808,0.009486832980505138,0.04803720932068899,0.000762496506144744,0.04258094360345273,0.0007215359932142598,0.03748936456599534,0.0006797398422750704,0.03278700042104908,0.0006372624503237412,0.02849818023214064,0.0005942231212008848,1.545015566587573e-05,7.980424036748029,0.03748936456599539,2.1623049583939378,2.617536038676253e-05,7.980424036748029,0.2971652439086157,0.3298575347361404,0.2997856166385732,0.29841832657922446,0.29716524390862603,0.29597153559423894,0.29481673004580267
0.35,0.1,3,1.2090902239613164,0.009486832980505138,0.047776624020989214,0.0007636239220064189,0.04235905482347265,0.0007225389606697004,0.037289608297583335,0.0006808160139801595,0.03261762146227557,0.0006383666347896836,0.028340209338203668,0.0005955538492742229,2.2101875632680375e-05,7.980424036748029,0.03728960829759899,2.208109391772477,2.3309350055755175e-05,7.980424036748029,0.29558184496580775,0.6045451119806582,0.29787864409588594,0.2966505274891737,0.29558184496581935,0.29462198056257555,0.2937584983125254
0.35,0.1,4,4.1070526532389415,0.009486832980505138,0.048053275296092796,0.0007762558573073515,0.04264391556715032,0.0007355482431391235,0.03760610069241745,0.0006939912619238367,0.03299525705879764,0.0006514201060133986,0.028749278281841872,0.0006086775981448262,3.7227106512896e-05,7.980424036748029,0.03760610069245271,2.3720624498464207,2.0960425919451857e-05,7.980424036748029,0.2980905708618201,2.0535263266194708,0.3001654067963744,0.29892000802471086,0.29809057086183627,0.2976307684376889,0.2975477083817498
0.35,0.1,5,1.7695763538932254,0.009486832980505138,0.04788847811044322,0.0007588378709969738,0.042456496796691556,0.0007175357573102499,0.037390416252961016,0.0006753679911822515,0.032727093654261574,0.0006323365519123556,0.02844131852417601,0.000588990986575973,1.997007488559953e-05,7.980424036748029,0.03739041625297964,2.2375441386488544,2.2908549102418857e-05,7.980424036748029,0.2963809148085589,0.8847881769466127,0.29868244800326005,0.297426865754329,0.2963809148085713,0.29549422573461476,0.294757474986872
0.35,0.1,6,1.422689320553713,0.009486832980505138,0.048260136461010024,0.0007729196641265803,0.04282376551195486,0.000732117828699263,0.03776997026000374,0.000690328633274758,0.03311117550379854,0.0006477675964763124,0.02881505822444327,0.000605081244955262,1.5486466112176153e-05,7.980424036748029,0.03776997026001716,2.194447198290842,2.101250180909373e-05,7.980424036748029,0.29938950832257505,0.7113446602768565,0.30149035820880704,0.30035277974604613,0.29938950832258643,0.2985542789379313,0.29783889550165726
0.35,0.05,0,-0.3081555021488547,0.006708203932499369,0.03413578424870964,0.0005429489702103026,0.030279651591644894,0.0005140215507631895,0.026688421736701422,0.00048442719341587875,0.02336409553630955,0.00045440512540031823,0.020313371219487637,0.0004241562127495664,3.1263295505307435e-06,7.980424036748029,0.02668842173670001,2.965596161746943,2.429326749135053e-05,7.980424036748029,0.29917673882744533,-0.15407775107442734,0.3015352908646218,0.30033787028927394,0.29917673882745416,0.2980017403680026,0.29679201397261434
0.35,0.05,1,-9.500346060247612,0.006708203932499369,0.034447468046241596,0.0005439766831880572,0.03059731208319921,0.0005147580628532808,0.027007044256209894,0.00048484767449907427,0.02364380407406783,0.0004548423647656894,0.02055781652647668,0.00042455378899369035,2.6841614869164423e-05,7.980424036748029,0.027007044256184963,2.5225293882969995,2.614226254686361e-05,7.980424036748029,0.3027484916735726,-4.750173030123806,0.3046998601912987,0.303916437791066,0.3027484916735737,0.30115302998336607,0.299090444768919
0.35,0.05,2,2.0987075737196834,0.006708203932499369,0.033974180208881224,0.0005437647948452743,0.03013828798421078,0.0005148119610820465,0.026556975016424223,0.00048531298530420536,0.02325350248625515,0.0004553159365338296,0.020238242039701076,0.0004249570726800471,1.1389939143357591e-05,7.980424036748029,0.02655697501642809,3.0871159733559987,2.2478898793497314e-05,7.980424036748029,0.29770322340234623,1.0493537868598417,0.29993041458307446,0.2987452190231888,0.2977032234023573,0.2967556696222992,0.2958903448899382
0.35,0.05,3,2.6514626610818395,0.006708203932499369,0.03379303020423835,0.0005448186276562478,0.02998185347139213,0.0005158209528244969,0.026416196150466115,0.0004863911504208842,0.02313201888624312,0.0004564510679455926,0.020128812008764502,0.00042624026545541274,1.608370436399294e-05,7.980424036748029,0.026416196150477054,3.127556185104082,1.9866237548130068e-05,7.980424036748029,0.29612509478812554,1.3257313305409197,0.2980036731126133,0.2969826738619375,0.29612509478813726,0.2953868315340391,0.29476257913426207
0.35,0.05,4,8.720769125108562,0.006708203932499369,0.03398897249748801,0.0005536319013892587,0.030182326927654667,0.0005249016002748461,0.02664112055044963,0.0004955587594341923,0.023403351851661428,0.00046549049637077683,0.020415196145984808,0.0004353726353254312,2.9465171423113633e-05,7.980424036748029,0.02664112055047717,3.3715297589657487,1.889898473543816e-05,7.980424036748029,0.2986464933608293,4.360384562554281,0.30026812351532417,0.29924138610081297,0.2986464933608458,0.298444035231443,0.29864926638369715
0.35,0.05,5,3.5084745982388488,0.006708203932499369,0.03386798436722422,0.0005410592236668883,0.030045260650895276,0.000511906151473955,0.026482896238241845,0.000482137601733488,0.023204753563365974,0.00045177477930833895,0.020192185905713242,0.00042120369716722736,1.3543381713048943e-05,7.980424036748029,0.02648289623825459,3.158019308074346,1.9445712380465664e-05,7.980424036748029,0.296872801600377,1.7542372991194244,0.2987226795984532,0.29769709429992025,0.29687280160038937,0.2962063902577301,0.29569538182184374
0.35,0.05,6,2.41586656685908,0.006708203932499369,0.03413689715334355,0.000551219143428697,0.030311157950536474,0.0005224192766031949,0.026758561976245782,0.0004929090577757952,0.023483045686814256,0.0004628792799630621,0.02046379153783643,0.00043276402798193424,9.474870351360359e-06,7.980424036748029,0.02675856197625321,3.078663164772554,1.7375300366017752e-05,7.980424036748029,0.2999630096806666,1.20793328342954,0.3015701477848447,0.30069282028859573,0.29996300968067763,0.2993419130682241,0.29882757064871274
0.35,0.025,0,-0.09022509368316113,0.004743416490252569,0.024129404434153012,0.000386380109612834,0.021414491707137197,0.00036594110684576406,0.01888509934155405,0.00034505948494941156,0.016545042851227,0.000323876380187022,0.014398736771702735,0.00030253339569923945,2.6094547241802874e-06,7.980424036748029,0.018885099341553867,4.207463894595854,2.149405582686134e-05,7.980424036748029,0.29939131895351795,-0.045112546841580566,0.30144086566777295,0.3003943470592888,0.29939131895352694,0.29838626078312125,0.2973637501574623
0.35,0.025,1,-18.5384806226968,0.004743416490252569,0.02435243661658881,0.0003871157554761785,0.021642112819216158,0.0003664667721224335,0.019113207521638715,0.0003453597339740133,0.016745326765330023,0.000324186991323845,0.014573648776886102,0.0003028166598291804,1.818472522616465e-05,7.980424036748029,0.01911320752162204,3.578323140783838,2.30880344998772e-05,7.980424036748029,0.30300758846101133,-9.2692403113484,0.3046552529304353,0.30402071955271315,0.30300758846101267,0.3015773415552965,0.29969560380599236
0.35,0.025,2,4.96465296192274,0.004743416490252569,0.024022096146852665,0.00038700220251710146,0.021321399813280944,0.0003665438901614452,0.01880002271204561,0.0003457137248241367,0.016475974664360626,0.0003245282430486545,0.014353786586168177,0.0003031041460625743,8.305213523683426e-06,7.980424036748029,0.018800022712049655,4.3850900785381945,1.9706589975585452e-05,7.980424036748029,0.29804257284110625,2.48232648096137,0.29993501792034355,0.29891111768702594,0.29804257284111757,0.2972857326868074,0.2966345668671457
0.35,0.025,3,4.9474025794547005,0.004743416490252569,0.023895712792925853,0.00038789864632199746,0.021211597879419695,0.0003674274931015965,0.018701665302333057,0.0003466530506143101,0.016390035708414335,0.0003255296195579751,0.014277503921158551,0.0003042124353548908,1.0792936035206014e-05,7.980424036748029,0.018701665302340048,4.406732958666742,1.7160478674883844e-05,7.980424036748029,0.2964832824138103,2.4737012897273503,0.2979895111070236,0.29716155253916254,0.2964832824138219,0.2959163288464729,0.29546059895809185
0.35,0.025,4,17.442516766003564,0.004743416490252569,0.024034600454956877,0.00039405433869669576,0.02135244056548234,0.000373777249045054,0.01886079648014005,0.0003530481471022707,0.016583488660922963,0.000331811824036098,0.01447860880970561,0.00031057641698595734,2.1557921249711818e-05,7.980424036748029,0.018860796480159762,4.763028134367429,1.7681465665676316e-05,7.980424036748029,0.29900603817761784,8.721258383001782,0.3002312326964695,0.29940569691831,0.29900603817763416,0.29899883606412825,0.29940521514470897
0.35,0.025,5,7.023586614013463,0.004743416490252569,0.023946008204383952,0.00038503154787476127,0.02125320482488901,0.00036444711644037666,0.018745260342962065,0.00034342744061558,0.016438106371064295,0.0003219961272776145,0.014317754488449326,0.0003004276481640359,9.4814786488048e-06,7.980424036748029,0.01874526034297104,4.462011333185695,1.7046940777546136e-05,7.980424036748029,0.2971744080721017,3.5117933070067315,0.29867067437125366,0.29782452271332915,0.2971744080721141,0.2966823241296653,0.29635118820556094
0.35,0.025,6,3.994263708676981,0.004743416490252569,0.024139374159787674,0.00039233697684266217,0.02144455706300735,0.00037200126908002747,0.018944258699432368,0.00035115730346209085,0.01663847205225638,0.00032996339790941154,0.01451393947624244,0.00030870949348706084,5.929000010530677e-06,7.980424036748029,0.018944258699436337,4.3224825862920735,1.4750849617169097e-05,7.980424036748029,0.300329190545534,1.9971318543384906,0.3015402681283164,0.300873361499144,0.3003291905455447,0.29987489052534794,0.2995132626079649
0.35,0.0125,0,0.2926992687343749,0.0033541019662496844,0.017055461602133854,0.00027455522916124863,0.015141741506328538,0.00026011773779588605,0.013358889151521865,0.00024537686492958624,0.011710102209634915,0.00023042492509855046,0.010198442697947858,0.00021536066986889085,1.9799522981838846e-06,7.980424036748029,0.013358889151521903,5.958462796424721,1.932889064786517e-05,7.980424036748029,0.2995058254204461,0.14634963436718745,0.30130127032299986,0.3003810352238083,0.2995058254204554,0.29863390848383903,0.29775404010716805
0.35,0.0125,1,-35.83652298822865,0.0033541019662496844,0.017214234787742734,0.0002750827764735836,0.015304502465841835,0.0002604890161071834,0.013521699600899098,0.00024558945066917087,0.011853312440633893,0.0002306418459815535,0.010323344249065503,0.00021555968158430344,1.210578930970924e-05,7.980424036748029,0.013521699600888136,5.08514243205583,2.06728109418306e-05,7.980424036748029,0.30315602997499597,-17.918261494114326,0.3045722439283083,0.30404815429796955,0.3031560299749975,0.3018607447684019,0.30013224911461944
0.35,0.0125,2,10.284970702744998,0.0033541019662496844,0.016983280424785495,0.0002750179890921283,0.015079782877888059,0.00026056362735873615,0.013303281614318381,0.0002458487977127063,0.011666392806273724,0.00023088491833995456,0.010171095210456534,0.00021576267970153622,5.711099340706554e-06,7.980424036748029,0.013303281614321573,6.204998022768093,1.7598380824991808e-05,7.980424036748029,0.29825910639015024,5.142485351372499,0.2998658184593633,0.29898494719316604,0.2982591063901618,0.29764897150751773,0.2971530950037533
0.35,0.0125,3,9.605576352539133,0.0033541019662496844,0.01689468420889232,0.0002757416106262151,0.01500276439734042,0.00026128528802775664,0.013234264591177417,0.0002466164830051571,0.011605737593217287,0.00023170649170323472,0.010118005304248915,0.00021666033085122438,7.411758235245386e-06,7.980424036748029,0.013234264591182134,6.2210136970688215,1.5292789660223287e-05,7.980424036748029,0.2967117471562363,4.8027881762695666,0.29792912341498623,0.29724943016022587,0.2967117471562478,0.29628212688619016,0.2959646819141532
0.35,0.0125,4,34.4058370897687,0.0033541019662496844,0.01699316122227791,0.0002800474578422472,0.015102126029990259,0.00026572905363914714,0.013347004623694746,0.0002510842914916877,0.011743098250358857,0.00023608601896194978,0.010259482874485736,0.00022110352284595623,1.5429997544236942e-05,7.980424036748029,0.013347004623708613,6.720668129079558,1.7148745198169027e-05,7.980424036748029,0.2992393747244209,17.20291854488435,0.30015323575981206,0.2994884036743805,0.2992393747244372,0.299377411441689,0.2999279019185757
0.35,0.0125,5,14.908905714909336,0.0033541019662496844,0.01692886913727147,0.0002735951287021944,0.015030387740460642,0.0002590582364416367,0.01326291919912911,0.0002442147237212898,0.011637779572398747,0.0002290810192815121,0.010143932754086826,0.00021385844753463152,7.0689296450445955e-06,7.980424036748029,0.013262919199135817,6.325729536640219,1.559330409462559e-05,7.980424036748029,0.29735418245979417,7.454452857454668,0.29859140668844675,0.2978719001078998,0.29735418245980677,0.2970041900009565,0.2968293669955205
0.35,0.0125,6,5.983650775261225,0.0033541019662496844,0.017067336418738397,0.00027883158365629864,0.015167396635788696,0.00026447091316720005,0.013406179092258797,0.00024974353981297803,0.011781395860566486,0.00023478189301045764,0.010284928692971986,0.00021977703547463532,3.7720169347133227e-06,7.980424036748029,0.013406179092260545,6.063747192471324,1.2814799826742909e-05,7.980424036748029,0.30056606423030124,2.9918253876306125,0.30144738351369404,0.300959092596743,0.3005660642303116,0.30024035193506077,0.2999882873593347
0.35,0.00625,0,0.7949408762308522,0.0023717082451262844,0.012055554891774753,0.00019487536775845887,0.010705367466296844,0.00018467859114754842,0.009447967016525569,0.00017426843335186922,0.008285383867497876,0.0001637111167378008,0.007219862907965859,0.00015307468872516696,1.3536428815482089e-06,7.980424036748029,0.009447967016525503,8.428204510563765,1.7638629310635706e-05,7.980424036748029,0.29956308466780485,0.3974704381154261,0.30114899070582785,0.3003344919443976,0.299563084667814,0.29879614893362255,0.29802567810271385
0.35,0.00625,1,-69.63502978850043,0.0023717082451262844,0.012168163207984965,0.00019525434031590592,0.010821602885725605,0.00018493867314405522,0.009563926143599452,0.00017441815498864455,0.008387487279142998,0.0001638625621708687,0.007308819272849959,0.00015321416494243112,8.146118188077112e-06,7.980424036748029,0.0095639261435922,7.221144684323586,1.881202294031231e-05,7.980424036748029,0.30323975645749207,-34.817514894250216,0.3044773259465154,0.3040381310214092,0.30323975645749396,0.3020496848510112,0.3004412313843565
0.35,0.00625,2,20.133467643628205,0.0023717082451262844,0.012006372258104457,0.00019521547428051012,0.010663743280101215,0.00018500243144600344,0.009411202006901074,0.0001746049614102338,0.008257260480084147,0.000164034201602748,0.00720288845193303,0.00015335663906805986,3.831325385796877e-06,7.980424036748029,0.009411202006903336,8.764421899927692,1.6017846374371297e-05,7.980424036748029,0.2983973905379444,10.066733821814102,0.2997678224772459,0.29900809983238624,0.2983973905379557,0.2978999319989755,0.2975176974917498
0.35,0.00625,3,18.927766927009785,0.0023717082451262844,0.01194415398869797,0.0001957787043854571,0.010609674583447297,0.0001855678626832362,0.009362626852542605,0.0001752076775609403,0.00821445797397428,0.00016467983898494742,0.007165840267312232,0.00015405641134459477,5.128155554847442e-06,7.980424036748029,0.009362626852545838,8.789231317641233,1.4046422982426043e-05,7.980424036748029,0.2968572366559403,9.463883463504892,0.2978498761962756,0.2972850636444483,0.2968572366559517,0.29653587835637424,0.29632842045988456
0.35,0.00625,4,67.47883243696388,0.0023717082451262844,0.012013854077453994,0.00019879660048927953,0.010679722026825237,0.00018868352316370578,0.00944248316302623,0.00017833484399175546,0.008311886907802019,0.0001677400884472701,0.007265469218144624,0.0001571647988004057,1.0951570190470708e-05,7.980424036748029,0.009442483163035892,9.479342980998446,1.699158573984926e-05,7.980424036748029,0.2993892102179462,33.73941621848194,0.30004986702648867,0.29951728392259286,0.2993892102179624,0.29964070494572537,0.30030043024316017
0.35,0.00625,5,31.35976300969605,0.0023717082451262844,0.011967370922429344,0.00019419593857735785,0.010628237716337073,0.000183925667327051,0.00938169293813998,0.00017344151197679314,0.00823602756500867,0.0001627522679375513,0.007182818927036458,0.00015200438306958462,5.285483320012877e-06,7.980424036748029,0.00938169293814499,8.96705822629165,1.4723368825039862e-05,7.980424036748029,0.297461757756048,15.679881504848025,0.2984989428631983,0.2978766363429474,0.2974617577560606,0.29722327783605307,0.29717219988137744
0.35,0.00625,6,8.894590718933973,0.0023717082451262844,0.01206648308634902,0.00019793669650728358,0.010726184488821322,0.00018779249971767785,0.009484498727835118,0.00017738620197404816,0.008338695463643795,0.0001668214602420252,0.007283816697455511,0.00015622488580229295,2.5312647864566856e-06,7.980424036748029,0.009484498727835784,8.522888603752543,1.1539418517846578e-05,7.980424036748029,0.3007213816971184,4.447295359466986,0.30134845961481516,0.30099782310794376,0.30072138169712836,0.30049497235906725,0.3003276471216172
0.4,0.1,0,-0.008771140005859651,0.009486832980505138,0.04830864828157955,0.0007640149916402574,0.04283621158976001,0.0007230676236583239,0.0377384889397407,0.000681157777915907,0.033019914656210354,0.0006386142563131579,0.028686286511105174,0.0005957593247385733,3.2642731135448675e-06,7.980424036748029,0.037738488939740286,2.106379813836658,2.6952011628705366e-05,7.980424036748029,0.29913996677054144,-0.004385570002929826,0.3018179739022791,0.300451928692909,0.2991399667705504,0.2978272154455556,0.2964887539917609
0.4,0.1,1,-4.841025618550859,0.009486832980505138,0.04874033458301949,0.0007653767915630926,0.04327584793513098,0.000724023578856726,0.038181638667559845,0.0006816499008087163,0.03340758874873137,0.0006391390349952738,0.029024815124956943,0.0005962266842788427,3.890870617164488e-05,7.980424036748029,0.03818163866752347,1.7786630493766207,2.8755252963776525e-05,7.980424036748029,0.3026526615966491,-2.4205128092754293,0.30486643960473736,0.3039539882212993,0.3026526615966499,0.3009156426663278,0.29869885779484373
0.4,0.1,2,0.9448617946572088,0.009486832980505138,0.04807078471948806,0.0007650314795252647,0.042624168759221544,0.0007240780766962729,0.0375405416243111,0.0006823083944039254,0.03284883033348193,0.0006398337164487097,0.028566903453626148,0.0005968254354773253,1.5205644302604915e-05,7.980424036748029,0.03754054162431441,2.177310244822521,2.5018886567550642e-05,7.980424036748029,0.29757090677310916,0.4724308973286044,0.3000927083098086,0.2987626911974633,0.29757090677312,0.2964641599102529,0.2954251300445624
0.4,0.1,3,1.2839943641277112,0.009486832980505138,0.04781228355085913,0.0007662912581259456,0.042404285464920415,0.0007252207071740167,0.03734267367055186,0.0006835306623896582,0.03267882285879481,0.0006411136812327567,0.028410971177795064,0.0005983178532033959,2.2988966867828494e-05,7.980424036748029,0.0373426736705678,2.209783236377104,2.2256607360927595e-05,7.980424036748029,0.29600247584829764,0.6419971820638556,0.2981835740476399,0.2970108909688501,0.29600247584830924,0.29510962022049386,0.2943221129027737
0.4,0.1,4,4.174900352179643,0.009486832980505138,0.048092499503206036,0.0007789907752652418,0.04269142855278094,0.0007383088417576131,0.03766333703014856,0.0006967670996453106,0.03306240614913646,0.0006542096283797626,0.028822387093869195,0.0006115104730842935,3.827403682890516e-05,7.980424036748029,0.03766333703018468,2.3731146748674234,2.0140840279774472e-05,7.980424036748029,0.29854426354131636,2.0874501760898214,0.3004725219883826,0.29929852615077646,0.29854426354133246,0.2981657419635204,0.29817260267727247
0.4,0.1,5,1.8027144243657913,0.009486832980505138,0.047925246449879236,0.0007613051367791745,0.04250184556721299,0.0007200167911135905,0.037442338795192265,0.000677884675741779,0.03278543426231144,0.000634896663468742,0.02850569488542462,0.0005915958625788208,2.0714074409299985e-05,7.980424036748029,0.0374423387952115,2.236679105906204,2.2054055377280773e-05,7.980424036748029,0.2967924868665362,0.9013572121828957,0.2989948025177129,0.29778816077655523,0.2967924868665486,0.29595905725468546,0.29528026115038997
0.4,0.1,6,1.4723071078749659,0.009486832980505138,0.04830379555933884,0.0007755953812131175,0.04287606953615355,0.0007348084230413927,0.03783031040426509,0.0006930439784785758,0.03317950871429709,0.0006505079338546928,0.028889906992276556,0.0006078567081501224,1.6176040585559174e-05,7.980424036748029,0.037830310404279116,2.194208010358219,2.0007821309226443e-05,7.980424036748029,0.2998678038043647,0.7361535539374829,0.3018479160826195,0.300769446080074,0.29986780380437617,0.29909866916834127,0.2984559352539835
0.4,0.05,0,0.1370455668378116,0.006708203932499369,0.03414176963328807,0.0005447667514835754,0.03029428352703768,0.000515840234488198,0.02670885420830907,0.0004862824477398959,0.023391901458983965,0.00045628572569826386,0.020347787772636454,0.0004260690219331241,3.4711654960778475e-06,7.980424036748029,0.026708854208309686,2.98307299334501,2.310227472744239e-05,7.980424036748029,0.29940578647524796,0.0685227834189058,0.30165425407005764,0.30050271389584465,0.2994057864752572,0.2983150261051408,0.29721249987328585
0.4,0.05,1,-9.566984218030878,0.006708203932499369,0.034452943405709716,0.0005457612225022571,0.030611469670195856,0.0005165431483171774,0.02702806441679155,0.0004866554758652318,0.02367121399671589,0.00045668049185360325,0.02059160857401769,0.0004264238781459318,2.6693080610013714e-05,7.980424036748029,0.027028064416766896,2.5172759269670717,2.469266863891162e-05,7.980424036748029,0.30298412730443053,-4.783492109015439,0.3047778337488565,0.30407591878316254,0.30298412730443164,0.30146182153588524,0.2994716221981732
0.4,0.05,2,2.421053943746913,0.006708203932499369,0.03398562178076179,0.0005455958687655155,0.030157619698701506,0.0005166494772936539,0.0265832086800501,0.00048717022920509,0.0232876596801971,0.00045718540945317924,0.020278931554974018,0.00042684960640836854,1.1848751584309223e-05,7.980424036748029,0.026583208680055283,3.0984668753078344,2.122233142267095e-05,7.980424036748029,0.2979973023107549,1.2105269718734566,0.30008424993825256,0.29896302182436846,0.29799730231076604,0.29714053022458764,0.2963835407447835
0.4,0.05,3,2.755204323713784,0.006708203932499369,0.03380657302517213,0.0005467515230167702,0.030002599229888814,0.0005177733973426884,0.026443798927668363,0.0004883693178105521,0.02316661046916452,0.00045845679266331415,0.020170796483626907,0.0004282691243546814,1.629607153164905e-05,7.980424036748029,0.026443798927679358,3.129020485252384,1.8712091024137798e-05,7.980424036748029,0.2964345214356598,1.377602161856892,0.29816405938060314,0.2972164220902847,0.2964345214356715,0.29577660497557884,0.29523994408120524
0.4,0.05,4,8.621724445859975,0.006708203932499369,0.03400446444304231,0.0005555822880824731,0.030204009777958996,0.0005268784965867887,0.026671354118471803,0.000497543614663895,0.023441436770239885,0.0004674912732287457,0.020458020938157486,0.00043741459104279854,2.9608553387922206e-05,7.980424036748029,0.02667135411849915,3.3637590127349615,1.813072239750474e-05,7.980424036748029,0.29898541112723637,4.3108622229299876,0.3004103036602907,0.29948567403647786,0.2989854111272528,0.29887312581802616,0.29916669121220135
0.4,0.05,5,3.5324789697127015,0.006708203932499369,0.033880958350170305,0.000542844110285357,0.03006521458904797,0.0005137049747123169,0.026508930735535577,0.0004839625604254765,0.023236699412129053,0.0004536328348249406,0.020229670811939944,0.0004230981470766809,1.385721684200362e-05,7.980424036748029,0.02650893073554861,3.156139222820479,1.846490079662421e-05,7.980424036748029,0.2971646478576896,1.7662394848563507,0.29887943172685405,0.2979219154100203,0.297164647857702,0.29656634185897146,0.29612663820769264
0.4,0.05,6,2.4324356646898733,0.006708203932499369,0.03415433617594469,0.0005531448726113074,0.030335689620608414,0.000524358937147119,0.026789890025924145,0.0004948694092769821,0.02352092391258631,0.0004648643049988429,0.02050765896474569,0.0004347779200769704,9.617350129629235e-06,7.980424036748029,0.02678989002593168,3.075927570181769,1.6311482975950554e-05,7.980424036748029,0.30031419656721603,1.2162178323449366,0.3017701164974548,0.30096919069669725,0.3003141965672271,0.2997686620426238,0.29933291993193073
0.4,0.025,0,0.4611992539543904,0.004743416490252569,0.024128395775978428,0.0003876106093305138,0.021418855913311746,0.0003671820270153415,0.01889399184424937,0.0003463248567976318,0.0165591530104903,0.0003251626459191388,0.014417841942864343,0.0003038434589085923,2.8595191429209612e-06,7.980424036748029,0.018893991844249922,4.222783006690954,2.0266682609740788e-05,7.980424036748029,0.2995322945482349,0.2305996269771952,0.3014493595275195,0.30046387997850654,0.2995322945482442,0.29861108610115883,0.2976876074621764
0.4,0.025,1,-18.349343142207477,0.004743416490252569,0.024351018178695033,0.0003883327924402654,0.02164679985722313,0.00036768681044553484,0.019122685115116125,0.00034659934727221685,0.01675976890088751,0.0003254472736193236,0.01459266822748972,0.00030410268073681446,1.7639379497668047e-05,7.980424036748029,0.019122685115100072,3.5821895098321477,2.16070966232501e-05,7.980424036748029,0.3031578396807996,-9.174671571103739,0.3046563919766617,0.3040953871715668,0.303157839680801,0.3018074319693303,0.30001229916975586
0.4,0.025,2,5.232227661118608,0.004743416490252569,0.02402451964469973,0.0003882460109689415,0.02132926079079323,0.00036779593641630764,0.01881327063566147,0.00034697766078513835,0.0164948533453223,0.00032580385350821966,0.014377065041855019,0.00030440165831629,8.299185195250912e-06,7.980424036748029,0.018813270635666048,4.390508106095977,1.843765454841221e-05,7.980424036748029,0.29825259627032785,2.616113830559304,0.29997897538336044,0.29903636917368964,0.2982525962703393,0.29758654848931865,0.29703508692278924
0.4,0.025,3,5.114893256266781,0.004743416490252569,0.023899240015411497,0.00038922147091599563,0.02122053651588451,0.00036876352439980535,0.01871569602560778,0.00034800817202966576,0.016409251684697757,0.00032690571403708077,0.01430200790853119,0.00030560867471606104,1.0977450025673568e-05,7.980424036748029,0.018715696025614896,4.408803318629076,1.610095115958226e-05,7.980424036748029,0.29670571580805183,2.5574466281333903,0.29805324734665384,0.2973039831373183,0.2967057158080634,0.29622253357702844,0.2958569951688306
0.4,0.025,4,17.153841130321908,0.004743416490252569,0.024039436815705764,0.00039537218581700356,0.021362052802670214,0.0003751118509461704,0.0188763373530634,0.00035439195553588714,0.0166043947353613,0.0003331712940116605,0.014503347700840972,0.0003119647489768035,2.157339623223201e-05,7.980424036748029,0.018876337353082893,4.7505073739317405,1.722832193569982e-05,7.980424036748029,0.29925241244115736,8.576920565160954,0.3002816952077696,0.2995588491732324,0.2992524124411737,0.2993319371344824,0.2998210241466862
0.4,0.025,5,7.326903322687824,0.004743416490252569,0.023949206669611624,0.00038624512953825595,0.021261218081637685,0.0003656747205313892,0.01875770843375942,0.00034467556638724295,0.016455291042931298,0.00032326605099652103,0.014339189078596297,0.0003017243075420454,9.943410053013081e-06,7.980424036748029,0.01875770843376883,4.468716822501565,1.624581070417844e-05,7.980424036748029,0.2973717515043496,3.663451661343912,0.29873344148961933,0.2979522052067665,0.297371751504362,0.2969561531266685,0.2967107826084764
0.4,0.025,6,3.6783817822143643,0.004743416490252569,0.02414518101499902,0.0003936453762020908,0.0214553004014212,0.0003733230251316294,0.018960328121296086,0.00035249172040515455,0.01665926155098259,0.0003313181922442474,0.014539387193198958,0.0003100852294272956,5.70330196663273e-06,7.980424036748029,0.01896032812129959,4.30901577328046,1.3685777434825652e-05,7.980424036748029,0.3005839440588437,1.8391908911071821,0.30161806692348,0.3010445272394367,0.30058394405885425,0.30020612446832956,0.29991605750642425
0.4,0.0125,0,0.910386402359445,0.0033541019662496844,0.017052619175301566,0.00027535807427657064,0.015142069826099279,0.00026093307964723784,0.013362494554372568,0.00024620751390650245,0.011717256827381485,0.0002312705624882526,0.010209119716812399,0.00021622257658524026,1.9466626379279147e-06,7.980424036748029,0.013362494554372746,5.970557543773636,1.813320986104146e-05,7.980424036748029,0.29958665842568805,0.4551932011797225,0.30124005836283263,0.30038843294359374,0.2995866584256975,0.2987951257547905,0.2980051637534453
0.4,0.0125,1,-35.206192143885076,0.0033541019662496844,0.01721093364765239,0.0002758823184698562,0.015305486884039413,0.0002612896863381707,0.013525799470967598,0.00024640557256899715,0.011860802190650428,0.000231472764142112,0.010334040740836787,0.0002164083830242781,1.1635527145563077e-05,7.980424036748029,0.013525799470957209,5.097339235381543,1.9295057273835662e-05,7.980424036748029,0.3032479489178978,-17.603096071942538,0.3045298032007931,0.3040703326075325,0.3032479489178995,0.30202949556664105,0.30038736570027913
0.4,0.0125,2,10.346556771752383,0.0033541019662496844,0.016982406743947773,0.00027583235401540065,0.015082537580058486,0.00026138468399430377,0.013309839928009085,0.0002466772388065131,0.011676719192136285,0.00023172269097202064,0.010184387696201178,0.00021661674631507895,5.5742943055263e-06,7.980424036748029,0.013309839928012443,6.203418496141908,1.643032819116474e-05,7.980424036748029,0.29840614355267736,5.173278385876191,0.2998410135112015,0.29904701913998893,0.2984061435526887,0.29788166672902544,0.29747477969380065
0.4,0.0125,3,9.784466684134157,0.0033541019662496844,0.016894541689363423,0.0002766108356924263,0.015006235232510112,0.0002621646750291113,0.013241240303815635,0.00024750920216254395,0.011616236316219304,0.00023261443452274154,0.010132144370839449,0.00021758288733071638,7.470625703992243e-06,7.980424036748029,0.013241240303820357,6.221819603524169,1.4412112752087418e-05,7.980424036748029,0.29686814238849785,4.892233342067079,0.29792875941958324,0.29732764338288004,0.29686814238850934,0.2965187166442895,0.2962859832859673
0.4,0.0125,4,33.76676231854861,0.0033541019662496844,0.016993734090663314,0.00028090689378895115,0.015105857871256114,0.0002666009640183936,0.01335481342603213,0.00025196243965430157,0.011754586794070945,0.00023697524828639348,0.010273624092883127,0.00022201303882470158,1.5435392968256816e-05,7.980424036748029,0.013354813426045789,6.703013920368312,1.69642150284105e-05,7.980424036748029,0.299414447798463,16.883381159274304,0.3001362566462893,0.29957249213002324,0.29941444779847903,0.2996362795429544,0.30026575434050956
0.4,0.0125,5,15.667929548056259,0.0033541019662496844,0.016928171784841784,0.00027439267161709526,0.01503315423956615,0.0002598640783708412,0.013268755132627595,0.00024503496633355586,0.011647004595983263,0.00022991548692524985,0.010156164358208862,0.00021471130618012338,7.516795707878032e-06,7.980424036748029,0.013268755132634726,6.339936456256191,1.5014152865415893e-05,7.980424036748029,0.2974850238837976,7.8339647740281295,0.298591789204513,0.297934240224696,0.2974850238838103,0.29721207175028985,0.2971253206061043
0.4,0.0125,6,5.252306206392264,0.0033541019662496844,0.01706858375608149,0.0002796865698853248,0.015171934888046842,0.00026533637835831464,0.013414380857971172,0.0002506180066894803,0.011792814471645251,0.00023567122322671696,0.010299622852534853,0.00022068098146972999,3.677242032432607e-06,7.980424036748029,0.013414380857972526,6.0438952775264285,1.193888608252293e-05,7.980424036748029,0.30074994752939993,2.626153103196132,0.3014571728410275,0.301061346638149,0.3007499475294101,0.30049763686545267,0.30031281927941
0.4,0.00625,0,1.8745598692377965,0.0023717082451262844,0.012052656456304116,0.0001953873190892281,0.010704503195019796,0.00018519937661509627,0.00944926046953983,0.000174799366329838,0.008289012571417525,0.00016425208587381122,0.00722580374480453,0.00015362674912591803,1.3056190424887942e-06,7.980424036748029,0.00944926046953984,8.443984654009848,1.657882974457182e-05,7.980424036748029,0.2996040956889237,0.9372799346188982,0.301056993742079,0.3003069517600828,0.2996040956889331,0.2989117840170106,0.29822438756943276
0.4,0.00625,1,-69.0242561974178,0.0023717082451262844,0.012165033157861231,0.00019576509939049202,0.010821169540086146,0.00018545141676846086,0.009565602283851839,0.00017494065205468323,0.00839136421419113,0.00016439528276516576,0.007314823204894227,0.0001537587321195755,7.95548637233753e-06,7.980424036748029,0.009565602283844836,7.229261031247244,1.7526899509724963e-05,7.980424036748029,0.3032929011968353,-34.5121280987089,0.3043980721010059,0.30402432404360685,0.3032929011968371,0.3021732169089497,0.30064076775632687
0.4,0.00625,2,19.627733798650567,0.0023717082451262844,0.012004697715133829,0.00019573480415604867,0.010664412878587957,0.00018552659737720867,0.009414424443081968,0.0001751336310308144,0.008262913931759227,0.00016456965518918122,0.007210455686677801,0.0001539034909941313,3.6678928407705644e-06,7.980424036748029,0.00941442444308425,8.753593259923704,1.4991931435059599e-05,7.980424036748029,0.2984995630921892,9.813866899325284,0.2997029621947608,0.29902943765676065,0.2984995630922006,0.29808009453021295,0.29777534803939343
0.4,0.00625,3,20.061789834272574,0.0023717082451262844,0.011942911228385937,0.00019633493547406588,0.010610857495693495,0.000186130359934709,0.00936605803419461,0.00017577963550550156,0.008220302604118499,0.00016526126019573948,0.00717400737162494,0.00015464847077796136,5.275824862598767e-06,7.980424036748029,0.009366058034198023,8.80391390303607,1.3455840647839958e-05,7.980424036748029,0.2969660278231813,10.030894917136287,0.2978207495176522,0.2973227612258891,0.2969660278231929,0.2967221419882685,0.29660101948336104
0.4,0.00625,4,65.34238164017123,0.0023717082451262844,0.012013018085232204,0.00019934330324477442,0.010680896550360596,0.00018923901546784148,0.00944643075302146,0.00017889360132981698,0.008318190981648842,0.00016830686009132827,0.007273539364166794,0.00015774505654223128,1.0825184448978076e-05,7.980424036748029,0.009446430753030822,9.442313415925033,1.6923460355859482e-05,7.980424036748029,0.2995143749474398,32.67119082008561,0.2999846836399199,0.29955471133947265,0.2995143749474557,0.2998415894521015,0.3005670838270185
0.4,0.00625,5,32.08243737344179,0.0023717082451262844,0.011965713070721421,0.00019470542272240614,0.010628820667754649,0.0001844411168511899,0.009384408727399304,0.00017396563606824353,0.00824097617795417,0.00016328595653954353,0.007189727595921198,0.00015255066318344823,5.469757864568785e-06,7.980424036748029,0.009384408727404493,8.975945856845046,1.4263389096408443e-05,7.980424036748029,0.2975478662497017,16.041218686720896,0.29845203312654767,0.2978952137326487,0.2975478662497145,0.2973809824769551,0.29740781932340554
0.4,0.00625,6,7.4334923948645475,0.0023717082451262844,0.012066069275492334,0.00019848176029167914,0.010727879489872357,0.00018834513625242612,0.009488672725847884,0.00017794429352989131,0.00834504908894952,0.00016738911228129864,0.007292262449857728,0.00015680306129261368,2.6109395195426e-06,7.980424036748029,0.00948867272584829,8.496277966621385,1.0871969692159431e-05,7.980424036748029,0.3008537250592234,3.7167461974322737,0.30131342201983957,0.30105183341043706,0.30085372505923325,0.3006974301027114,0.30059397331546467
